order_date,product_id,product_category,quantity_sold
3/01/2023,2490971,Cold and Flu,25
23/01/2023,2490971,Cold and Flu,22
26/01/2023,2490971,Cold and Flu,15
29/01/2023,2490971,Cold and Flu,12
1/02/2023,2490971,Cold and Flu,12
24/02/2023,2490971,Cold and Flu,14
27/02/2023,2490971,Cold and Flu,16
2/03/2023,2490971,Cold and Flu,7
25/03/2023,2490971,Cold and Flu,12
28/03/2023,2490971,Cold and Flu,20
31/03/2023,2490971,Cold and Flu,18
3/04/2023,2490971,Cold and Flu,21
23/04/2023,2490971,Cold and Flu,23
26/04/2023,2490971,Cold and Flu,21
29/04/2023,2490971,Cold and Flu,28
2/05/2023,2490971,Cold and Flu,28
25/05/2023,2490971,Cold and Flu,47
28/05/2023,2490971,Cold and Flu,31
31/05/2023,2490971,Cold and Flu,41
3/06/2023,2490971,Cold and Flu,24
23/06/2023,2490971,Cold and Flu,26
26/06/2023,2490971,Cold and Flu,40
29/06/2023,2490971,Cold and Flu,38
2/07/2023,2490971,Cold and Flu,36
25/07/2023,2490971,Cold and Flu,22
28/07/2023,2490971,Cold and Flu,24
31/07/2023,2490971,Cold and Flu,20
23/08/2023,2490971,Cold and Flu,20
26/08/2023,2490971,Cold and Flu,17
29/08/2023,2490971,Cold and Flu,20
1/09/2023,2490971,Cold and Flu,16
21/09/2023,2490971,Cold and Flu,14
24/09/2023,2490971,Cold and Flu,16
27/09/2023,2490971,Cold and Flu,27
30/09/2023,2490971,Cold and Flu,1
23/10/2023,2490971,Cold and Flu,15
26/10/2023,2490971,Cold and Flu,24
29/10/2023,2490971,Cold and Flu,19
1/11/2023,2490971,Cold and Flu,25
21/11/2023,2490971,Cold and Flu,19
24/11/2023,2490971,Cold and Flu,36
27/11/2023,2490971,Cold and Flu,21
30/11/2023,2490971,Cold and Flu,12
23/12/2023,2490971,Cold and Flu,18
26/12/2023,2490971,Cold and Flu,20
29/12/2023,2490971,Cold and Flu,11
6/01/2023,2609910,Hayfever,72
9/01/2023,2609910,Hayfever,91
12/01/2023,2609910,Hayfever,68
15/01/2023,2609910,Hayfever,57
7/02/2023,2609910,Hayfever,59
10/02/2023,2609910,Hayfever,35
13/02/2023,2609910,Hayfever,58
8/03/2023,2609910,Hayfever,54
11/03/2023,2609910,Hayfever,45
14/03/2023,2609910,Hayfever,54
17/03/2023,2609910,Hayfever,50
6/04/2023,2609910,Hayfever,26
9/04/2023,2609910,Hayfever,23
12/04/2023,2609910,Hayfever,57
15/04/2023,2609910,Hayfever,47
8/05/2023,2609910,Hayfever,46
11/05/2023,2609910,Hayfever,48
14/05/2023,2609910,Hayfever,40
17/05/2023,2609910,Hayfever,62
6/06/2023,2609910,Hayfever,38
9/06/2023,2609910,Hayfever,44
12/06/2023,2609910,Hayfever,45
15/06/2023,2609910,Hayfever,64
8/07/2023,2609910,Hayfever,25
11/07/2023,2609910,Hayfever,31
14/07/2023,2609910,Hayfever,39
6/08/2023,2609910,Hayfever,47
9/08/2023,2609910,Hayfever,71
12/08/2023,2609910,Hayfever,49
15/08/2023,2609910,Hayfever,86
4/09/2023,2609910,Hayfever,50
7/09/2023,2609910,Hayfever,45
10/09/2023,2609910,Hayfever,49
13/09/2023,2609910,Hayfever,66
6/10/2023,2609910,Hayfever,36
9/10/2023,2609910,Hayfever,39
12/10/2023,2609910,Hayfever,53
4/11/2023,2609910,Hayfever,10
7/11/2023,2609910,Hayfever,16
10/11/2023,2609910,Hayfever,15
13/11/2023,2609910,Hayfever,15
3/12/2023,2609910,Hayfever,8
6/12/2023,2609910,Hayfever,4
9/12/2023,2609910,Hayfever,6
12/12/2023,2609910,Hayfever,6
6/01/2023,2617798,Cold and Flu,6
9/01/2023,2617798,Cold and Flu,5
12/01/2023,2617798,Cold and Flu,8
15/01/2023,2617798,Cold and Flu,1
4/02/2023,2617798,Cold and Flu,2
7/02/2023,2617798,Cold and Flu,4
10/02/2023,2617798,Cold and Flu,5
13/02/2023,2617798,Cold and Flu,4
8/03/2023,2617798,Cold and Flu,19
11/03/2023,2617798,Cold and Flu,1
14/03/2023,2617798,Cold and Flu,2
17/03/2023,2617798,Cold and Flu,3
6/04/2023,2617798,Cold and Flu,5
9/04/2023,2617798,Cold and Flu,3
12/04/2023,2617798,Cold and Flu,5
15/04/2023,2617798,Cold and Flu,4
5/05/2023,2617798,Cold and Flu,20
8/05/2023,2617798,Cold and Flu,31
11/05/2023,2617798,Cold and Flu,12
14/05/2023,2617798,Cold and Flu,18
6/06/2023,2617798,Cold and Flu,14
9/06/2023,2617798,Cold and Flu,4
12/06/2023,2617798,Cold and Flu,4
15/06/2023,2617798,Cold and Flu,13
5/07/2023,2617798,Cold and Flu,29
8/07/2023,2617798,Cold and Flu,7
11/07/2023,2617798,Cold and Flu,5
14/07/2023,2617798,Cold and Flu,6
6/08/2023,2617798,Cold and Flu,3
9/08/2023,2617798,Cold and Flu,3
12/08/2023,2617798,Cold and Flu,6
4/09/2023,2617798,Cold and Flu,9
7/09/2023,2617798,Cold and Flu,6
10/09/2023,2617798,Cold and Flu,5
13/09/2023,2617798,Cold and Flu,11
3/10/2023,2617798,Cold and Flu,5
6/10/2023,2617798,Cold and Flu,1
12/10/2023,2617798,Cold and Flu,4
4/11/2023,2617798,Cold and Flu,2
7/11/2023,2617798,Cold and Flu,4
10/11/2023,2617798,Cold and Flu,2
13/11/2023,2617798,Cold and Flu,1
3/12/2023,2617798,Cold and Flu,5
6/12/2023,2617798,Cold and Flu,2
9/12/2023,2617798,Cold and Flu,5
12/12/2023,2617798,Cold and Flu,2
3/01/2023,2686282,Hair Care,18
26/01/2023,2686282,Hair Care,24
29/01/2023,2686282,Hair Care,22
1/02/2023,2686282,Hair Care,17
4/02/2023,2686282,Hair Care,14
24/02/2023,2686282,Hair Care,6
27/02/2023,2686282,Hair Care,25
2/03/2023,2686282,Hair Care,14
5/03/2023,2686282,Hair Care,28
28/03/2023,2686282,Hair Care,19
31/03/2023,2686282,Hair Care,19
3/04/2023,2686282,Hair Care,14
6/04/2023,2686282,Hair Care,7
26/04/2023,2686282,Hair Care,14
29/04/2023,2686282,Hair Care,8
2/05/2023,2686282,Hair Care,16
5/05/2023,2686282,Hair Care,11
28/05/2023,2686282,Hair Care,15
31/05/2023,2686282,Hair Care,9
3/06/2023,2686282,Hair Care,22
26/06/2023,2686282,Hair Care,30
29/06/2023,2686282,Hair Care,26
2/07/2023,2686282,Hair Care,42
5/07/2023,2686282,Hair Care,36
25/07/2023,2686282,Hair Care,14
28/07/2023,2686282,Hair Care,5
31/07/2023,2686282,Hair Care,5
3/08/2023,2686282,Hair Care,19
26/08/2023,2686282,Hair Care,16
29/08/2023,2686282,Hair Care,9
1/09/2023,2686282,Hair Care,16
24/09/2023,2686282,Hair Care,48
27/09/2023,2686282,Hair Care,23
30/09/2023,2686282,Hair Care,13
3/10/2023,2686282,Hair Care,10
23/10/2023,2686282,Hair Care,5
26/10/2023,2686282,Hair Care,10
29/10/2023,2686282,Hair Care,19
1/11/2023,2686282,Hair Care,21
24/11/2023,2686282,Hair Care,26
27/11/2023,2686282,Hair Care,9
30/11/2023,2686282,Hair Care,9
3/12/2023,2686282,Hair Care,11
23/12/2023,2686282,Hair Care,13
26/12/2023,2686282,Hair Care,61
29/12/2023,2686282,Hair Care,25
18/01/2023,2696343,Cosmetics,3
21/01/2023,2696343,Cosmetics,3
24/01/2023,2696343,Cosmetics,1
27/01/2023,2696343,Cosmetics,7
19/02/2023,2696343,Cosmetics,10
22/02/2023,2696343,Cosmetics,17
25/02/2023,2696343,Cosmetics,22
20/03/2023,2696343,Cosmetics,11
23/03/2023,2696343,Cosmetics,49
26/03/2023,2696343,Cosmetics,51
29/03/2023,2696343,Cosmetics,58
18/04/2023,2696343,Cosmetics,10
21/04/2023,2696343,Cosmetics,12
24/04/2023,2696343,Cosmetics,10
27/04/2023,2696343,Cosmetics,7
20/05/2023,2696343,Cosmetics,52
23/05/2023,2696343,Cosmetics,88
26/05/2023,2696343,Cosmetics,37
29/05/2023,2696343,Cosmetics,50
18/06/2023,2696343,Cosmetics,7
21/06/2023,2696343,Cosmetics,8
24/06/2023,2696343,Cosmetics,20
27/06/2023,2696343,Cosmetics,28
20/07/2023,2696343,Cosmetics,15
23/07/2023,2696343,Cosmetics,6
26/07/2023,2696343,Cosmetics,13
18/08/2023,2696343,Cosmetics,16
21/08/2023,2696343,Cosmetics,12
24/08/2023,2696343,Cosmetics,10
27/08/2023,2696343,Cosmetics,13
16/09/2023,2696343,Cosmetics,48
19/09/2023,2696343,Cosmetics,47
22/09/2023,2696343,Cosmetics,39
25/09/2023,2696343,Cosmetics,49
18/10/2023,2696343,Cosmetics,22
21/10/2023,2696343,Cosmetics,13
24/10/2023,2696343,Cosmetics,23
16/11/2023,2696343,Cosmetics,58
19/11/2023,2696343,Cosmetics,40
22/11/2023,2696343,Cosmetics,46
25/11/2023,2696343,Cosmetics,113
15/12/2023,2696343,Cosmetics,14
18/12/2023,2696343,Cosmetics,17
21/12/2023,2696343,Cosmetics,16
24/12/2023,2696343,Cosmetics,7
1/01/2023,2696522,Hayfever,37
4/01/2023,2696522,Hayfever,42
7/01/2023,2696522,Hayfever,38
27/01/2023,2696522,Hayfever,53
30/01/2023,2696522,Hayfever,53
2/02/2023,2696522,Hayfever,49
5/02/2023,2696522,Hayfever,48
28/02/2023,2696522,Hayfever,47
3/03/2023,2696522,Hayfever,28
6/03/2023,2696522,Hayfever,36
9/03/2023,2696522,Hayfever,40
29/03/2023,2696522,Hayfever,38
1/04/2023,2696522,Hayfever,31
4/04/2023,2696522,Hayfever,48
7/04/2023,2696522,Hayfever,23
30/04/2023,2696522,Hayfever,39
3/05/2023,2696522,Hayfever,32
6/05/2023,2696522,Hayfever,22
29/05/2023,2696522,Hayfever,35
1/06/2023,2696522,Hayfever,25
4/06/2023,2696522,Hayfever,34
7/06/2023,2696522,Hayfever,26
27/06/2023,2696522,Hayfever,30
30/06/2023,2696522,Hayfever,22
3/07/2023,2696522,Hayfever,30
6/07/2023,2696522,Hayfever,20
29/07/2023,2696522,Hayfever,30
19/01/2023,2490971,Cold and Flu,13
22/01/2023,2490971,Cold and Flu,16
25/01/2023,2490971,Cold and Flu,6
28/01/2023,2490971,Cold and Flu,10
20/02/2023,2490971,Cold and Flu,15
23/02/2023,2490971,Cold and Flu,27
26/02/2023,2490971,Cold and Flu,21
1/03/2023,2490971,Cold and Flu,14
21/03/2023,2490971,Cold and Flu,10
24/03/2023,2490971,Cold and Flu,15
27/03/2023,2490971,Cold and Flu,23
30/03/2023,2490971,Cold and Flu,20
22/04/2023,2490971,Cold and Flu,28
25/04/2023,2490971,Cold and Flu,23
28/04/2023,2490971,Cold and Flu,25
21/05/2023,2490971,Cold and Flu,37
24/05/2023,2490971,Cold and Flu,51
27/05/2023,2490971,Cold and Flu,31
30/05/2023,2490971,Cold and Flu,45
19/06/2023,2490971,Cold and Flu,40
22/06/2023,2490971,Cold and Flu,29
25/06/2023,2490971,Cold and Flu,33
28/06/2023,2490971,Cold and Flu,27
21/07/2023,2490971,Cold and Flu,20
24/07/2023,2490971,Cold and Flu,24
27/07/2023,2490971,Cold and Flu,12
19/08/2023,2490971,Cold and Flu,15
22/08/2023,2490971,Cold and Flu,21
25/08/2023,2490971,Cold and Flu,21
28/08/2023,2490971,Cold and Flu,18
17/09/2023,2490971,Cold and Flu,11
20/09/2023,2490971,Cold and Flu,17
23/09/2023,2490971,Cold and Flu,11
26/09/2023,2490971,Cold and Flu,11
19/10/2023,2490971,Cold and Flu,21
22/10/2023,2490971,Cold and Flu,14
25/10/2023,2490971,Cold and Flu,18
28/10/2023,2490971,Cold and Flu,14
17/11/2023,2490971,Cold and Flu,16
20/11/2023,2490971,Cold and Flu,16
23/11/2023,2490971,Cold and Flu,14
26/11/2023,2490971,Cold and Flu,35
19/12/2023,2490971,Cold and Flu,14
22/12/2023,2490971,Cold and Flu,13
25/12/2023,2490971,Cold and Flu,4
10/01/2023,2609910,Hayfever,69
13/01/2023,2609910,Hayfever,52
16/01/2023,2609910,Hayfever,60
19/01/2023,2609910,Hayfever,48
11/02/2023,2609910,Hayfever,53
14/02/2023,2609910,Hayfever,56
17/02/2023,2609910,Hayfever,53
12/03/2023,2609910,Hayfever,51
15/03/2023,2609910,Hayfever,58
18/03/2023,2609910,Hayfever,35
21/03/2023,2609910,Hayfever,39
10/04/2023,2609910,Hayfever,50
13/04/2023,2609910,Hayfever,58
16/04/2023,2609910,Hayfever,59
19/04/2023,2609910,Hayfever,46
12/05/2023,2609910,Hayfever,47
15/05/2023,2609910,Hayfever,55
18/05/2023,2609910,Hayfever,48
10/06/2023,2609910,Hayfever,39
13/06/2023,2609910,Hayfever,46
16/06/2023,2609910,Hayfever,113
19/06/2023,2609910,Hayfever,57
9/07/2023,2609910,Hayfever,39
12/07/2023,2609910,Hayfever,44
15/07/2023,2609910,Hayfever,30
18/07/2023,2609910,Hayfever,35
10/08/2023,2609910,Hayfever,49
13/08/2023,2609910,Hayfever,57
16/08/2023,2609910,Hayfever,63
19/08/2023,2609910,Hayfever,53
8/09/2023,2609910,Hayfever,48
11/09/2023,2609910,Hayfever,47
14/09/2023,2609910,Hayfever,43
17/09/2023,2609910,Hayfever,75
10/10/2023,2609910,Hayfever,38
13/10/2023,2609910,Hayfever,59
16/10/2023,2609910,Hayfever,41
8/11/2023,2609910,Hayfever,13
11/11/2023,2609910,Hayfever,10
14/11/2023,2609910,Hayfever,9
17/11/2023,2609910,Hayfever,10
7/12/2023,2609910,Hayfever,9
10/12/2023,2609910,Hayfever,8
13/12/2023,2609910,Hayfever,8
16/12/2023,2609910,Hayfever,4
10/01/2023,2617798,Cold and Flu,5
13/01/2023,2617798,Cold and Flu,2
16/01/2023,2617798,Cold and Flu,3
19/01/2023,2617798,Cold and Flu,2
8/02/2023,2617798,Cold and Flu,3
11/02/2023,2617798,Cold and Flu,2
17/02/2023,2617798,Cold and Flu,2
12/03/2023,2617798,Cold and Flu,6
15/03/2023,2617798,Cold and Flu,7
10/04/2023,2617798,Cold and Flu,5
13/04/2023,2617798,Cold and Flu,6
16/04/2023,2617798,Cold and Flu,8
19/04/2023,2617798,Cold and Flu,7
9/05/2023,2617798,Cold and Flu,8
12/05/2023,2617798,Cold and Flu,14
15/05/2023,2617798,Cold and Flu,12
18/05/2023,2617798,Cold and Flu,12
10/06/2023,2617798,Cold and Flu,5
13/06/2023,2617798,Cold and Flu,11
16/06/2023,2617798,Cold and Flu,6
19/06/2023,2617798,Cold and Flu,7
9/07/2023,2617798,Cold and Flu,10
12/07/2023,2617798,Cold and Flu,5
15/07/2023,2617798,Cold and Flu,5
18/07/2023,2617798,Cold and Flu,6
10/08/2023,2617798,Cold and Flu,10
13/08/2023,2617798,Cold and Flu,2
16/08/2023,2617798,Cold and Flu,1
8/09/2023,2617798,Cold and Flu,4
11/09/2023,2617798,Cold and Flu,7
14/09/2023,2617798,Cold and Flu,3
17/09/2023,2617798,Cold and Flu,5
7/10/2023,2617798,Cold and Flu,1
10/10/2023,2617798,Cold and Flu,1
13/10/2023,2617798,Cold and Flu,7
16/10/2023,2617798,Cold and Flu,5
8/11/2023,2617798,Cold and Flu,1
11/11/2023,2617798,Cold and Flu,1
14/11/2023,2617798,Cold and Flu,1
7/12/2023,2617798,Cold and Flu,4
10/12/2023,2617798,Cold and Flu,4
13/12/2023,2617798,Cold and Flu,2
16/12/2023,2617798,Cold and Flu,7
1/01/2023,2686282,Hair Care,23
4/01/2023,2686282,Hair Care,24
7/01/2023,2686282,Hair Care,18
30/01/2023,2686282,Hair Care,21
2/02/2023,2686282,Hair Care,27
5/02/2023,2686282,Hair Care,21
8/02/2023,2686282,Hair Care,25
28/02/2023,2686282,Hair Care,16
3/03/2023,2686282,Hair Care,14
6/03/2023,2686282,Hair Care,9
9/03/2023,2686282,Hair Care,13
1/04/2023,2686282,Hair Care,8
4/04/2023,2686282,Hair Care,16
7/04/2023,2686282,Hair Care,8
30/04/2023,2686282,Hair Care,20
3/05/2023,2686282,Hair Care,11
6/05/2023,2686282,Hair Care,11
9/05/2023,2686282,Hair Care,10
29/05/2023,2686282,Hair Care,13
1/06/2023,2686282,Hair Care,17
4/06/2023,2686282,Hair Care,24
7/06/2023,2686282,Hair Care,13
30/06/2023,2686282,Hair Care,25
3/07/2023,2686282,Hair Care,28
6/07/2023,2686282,Hair Care,26
9/07/2023,2686282,Hair Care,29
29/07/2023,2686282,Hair Care,9
1/08/2023,2686282,Hair Care,6
4/08/2023,2686282,Hair Care,7
7/08/2023,2686282,Hair Care,7
30/08/2023,2686282,Hair Care,11
2/09/2023,2686282,Hair Care,10
5/09/2023,2686282,Hair Care,38
28/09/2023,2686282,Hair Care,4
1/10/2023,2686282,Hair Care,10
4/10/2023,2686282,Hair Care,10
7/10/2023,2686282,Hair Care,3
27/10/2023,2686282,Hair Care,9
30/10/2023,2686282,Hair Care,19
2/11/2023,2686282,Hair Care,20
5/11/2023,2686282,Hair Care,15
28/11/2023,2686282,Hair Care,7
1/12/2023,2686282,Hair Care,10
4/12/2023,2686282,Hair Care,6
7/12/2023,2686282,Hair Care,10
27/12/2023,2686282,Hair Care,26
30/12/2023,2686282,Hair Care,29
14/01/2023,2696343,Cosmetics,4
20/01/2023,2696343,Cosmetics,1
23/01/2023,2696343,Cosmetics,4
15/02/2023,2696343,Cosmetics,14
18/02/2023,2696343,Cosmetics,9
21/02/2023,2696343,Cosmetics,14
16/03/2023,2696343,Cosmetics,13
19/03/2023,2696343,Cosmetics,10
22/03/2023,2696343,Cosmetics,5
25/03/2023,2696343,Cosmetics,82
14/04/2023,2696343,Cosmetics,30
17/04/2023,2696343,Cosmetics,16
20/04/2023,2696343,Cosmetics,7
23/04/2023,2696343,Cosmetics,10
16/05/2023,2696343,Cosmetics,76
19/05/2023,2696343,Cosmetics,53
22/05/2023,2696343,Cosmetics,55
25/05/2023,2696343,Cosmetics,36
14/06/2023,2696343,Cosmetics,11
17/06/2023,2696343,Cosmetics,6
20/06/2023,2696343,Cosmetics,11
23/06/2023,2696343,Cosmetics,33
16/07/2023,2696343,Cosmetics,7
19/07/2023,2696343,Cosmetics,10
22/07/2023,2696343,Cosmetics,11
14/08/2023,2696343,Cosmetics,49
17/08/2023,2696343,Cosmetics,14
20/08/2023,2696343,Cosmetics,13
23/08/2023,2696343,Cosmetics,11
12/09/2023,2696343,Cosmetics,60
15/09/2023,2696343,Cosmetics,51
18/09/2023,2696343,Cosmetics,45
21/09/2023,2696343,Cosmetics,58
14/10/2023,2696343,Cosmetics,14
17/10/2023,2696343,Cosmetics,26
20/10/2023,2696343,Cosmetics,21
23/10/2023,2696343,Cosmetics,21
12/11/2023,2696343,Cosmetics,28
15/11/2023,2696343,Cosmetics,59
18/11/2023,2696343,Cosmetics,64
21/11/2023,2696343,Cosmetics,61
14/12/2023,2696343,Cosmetics,15
17/12/2023,2696343,Cosmetics,17
20/12/2023,2696343,Cosmetics,15
2/01/2023,2696522,Hayfever,55
5/01/2023,2696522,Hayfever,42
8/01/2023,2696522,Hayfever,44
11/01/2023,2696522,Hayfever,45
31/01/2023,2696522,Hayfever,37
3/02/2023,2696522,Hayfever,39
6/02/2023,2696522,Hayfever,44
9/02/2023,2696522,Hayfever,30
4/03/2023,2696522,Hayfever,25
7/03/2023,2696522,Hayfever,34
10/03/2023,2696522,Hayfever,34
13/03/2023,2696522,Hayfever,26
2/04/2023,2696522,Hayfever,88
5/04/2023,2696522,Hayfever,40
8/04/2023,2696522,Hayfever,31
11/04/2023,2696522,Hayfever,55
4/05/2023,2696522,Hayfever,28
7/05/2023,2696522,Hayfever,34
10/05/2023,2696522,Hayfever,30
2/06/2023,2696522,Hayfever,22
5/06/2023,2696522,Hayfever,40
8/06/2023,2696522,Hayfever,21
11/06/2023,2696522,Hayfever,21
1/07/2023,2696522,Hayfever,23
4/07/2023,2696522,Hayfever,30
7/07/2023,2696522,Hayfever,19
10/07/2023,2696522,Hayfever,28
2/08/2023,2696522,Hayfever,42
5/08/2023,2696522,Hayfever,22
8/08/2023,2696522,Hayfever,38
31/08/2023,2696522,Hayfever,40
10/01/2023,2490971,Cold and Flu,26
13/01/2023,2490971,Cold and Flu,16
16/01/2023,2490971,Cold and Flu,19
8/02/2023,2490971,Cold and Flu,19
11/02/2023,2490971,Cold and Flu,12
14/02/2023,2490971,Cold and Flu,16
17/02/2023,2490971,Cold and Flu,15
9/03/2023,2490971,Cold and Flu,21
12/03/2023,2490971,Cold and Flu,15
15/03/2023,2490971,Cold and Flu,18
18/03/2023,2490971,Cold and Flu,16
10/04/2023,2490971,Cold and Flu,19
13/04/2023,2490971,Cold and Flu,16
16/04/2023,2490971,Cold and Flu,26
19/04/2023,2490971,Cold and Flu,33
9/05/2023,2490971,Cold and Flu,41
12/05/2023,2490971,Cold and Flu,29
15/05/2023,2490971,Cold and Flu,41
18/05/2023,2490971,Cold and Flu,41
10/06/2023,2490971,Cold and Flu,27
13/06/2023,2490971,Cold and Flu,28
16/06/2023,2490971,Cold and Flu,35
9/07/2023,2490971,Cold and Flu,35
12/07/2023,2490971,Cold and Flu,33
15/07/2023,2490971,Cold and Flu,17
18/07/2023,2490971,Cold and Flu,28
7/08/2023,2490971,Cold and Flu,19
10/08/2023,2490971,Cold and Flu,23
13/08/2023,2490971,Cold and Flu,14
16/08/2023,2490971,Cold and Flu,24
8/09/2023,2490971,Cold and Flu,19
11/09/2023,2490971,Cold and Flu,17
14/09/2023,2490971,Cold and Flu,18
7/10/2023,2490971,Cold and Flu,7
10/10/2023,2490971,Cold and Flu,10
13/10/2023,2490971,Cold and Flu,11
16/10/2023,2490971,Cold and Flu,23
5/11/2023,2490971,Cold and Flu,18
8/11/2023,2490971,Cold and Flu,13
11/11/2023,2490971,Cold and Flu,14
14/11/2023,2490971,Cold and Flu,10
7/12/2023,2490971,Cold and Flu,17
10/12/2023,2490971,Cold and Flu,11
13/12/2023,2490971,Cold and Flu,14
16/12/2023,2490971,Cold and Flu,17
22/01/2023,2609910,Hayfever,51
25/01/2023,2609910,Hayfever,39
28/01/2023,2609910,Hayfever,50
31/01/2023,2609910,Hayfever,66
20/02/2023,2609910,Hayfever,57
23/02/2023,2609910,Hayfever,62
26/02/2023,2609910,Hayfever,62
1/03/2023,2609910,Hayfever,42
24/03/2023,2609910,Hayfever,42
27/03/2023,2609910,Hayfever,45
30/03/2023,2609910,Hayfever,42
22/04/2023,2609910,Hayfever,37
25/04/2023,2609910,Hayfever,44
28/04/2023,2609910,Hayfever,54
1/05/2023,2609910,Hayfever,45
21/05/2023,2609910,Hayfever,40
24/05/2023,2609910,Hayfever,63
27/05/2023,2609910,Hayfever,36
30/05/2023,2609910,Hayfever,37
22/06/2023,2609910,Hayfever,47
25/06/2023,2609910,Hayfever,34
28/06/2023,2609910,Hayfever,35
1/07/2023,2609910,Hayfever,28
21/07/2023,2609910,Hayfever,28
24/07/2023,2609910,Hayfever,41
27/07/2023,2609910,Hayfever,51
30/07/2023,2609910,Hayfever,54
22/08/2023,2609910,Hayfever,47
25/08/2023,2609910,Hayfever,34
28/08/2023,2609910,Hayfever,60
20/09/2023,2609910,Hayfever,66
23/09/2023,2609910,Hayfever,42
26/09/2023,2609910,Hayfever,46
29/09/2023,2609910,Hayfever,48
19/10/2023,2609910,Hayfever,58
22/10/2023,2609910,Hayfever,27
25/10/2023,2609910,Hayfever,39
28/10/2023,2609910,Hayfever,30
20/11/2023,2609910,Hayfever,12
23/11/2023,2609910,Hayfever,6
26/11/2023,2609910,Hayfever,14
19/12/2023,2609910,Hayfever,5
22/12/2023,2609910,Hayfever,6
25/12/2023,2609910,Hayfever,3
28/12/2023,2609910,Hayfever,8
20/02/2023,2617798,Cold and Flu,1
23/02/2023,2617798,Cold and Flu,28
26/02/2023,2617798,Cold and Flu,12
1/03/2023,2617798,Cold and Flu,17
21/03/2023,2617798,Cold and Flu,1
27/03/2023,2617798,Cold and Flu,3
30/03/2023,2617798,Cold and Flu,3
22/04/2023,2617798,Cold and Flu,17
25/04/2023,2617798,Cold and Flu,33
28/04/2023,2617798,Cold and Flu,9
1/05/2023,2617798,Cold and Flu,22
21/05/2023,2617798,Cold and Flu,9
24/05/2023,2617798,Cold and Flu,22
27/05/2023,2617798,Cold and Flu,10
30/05/2023,2617798,Cold and Flu,33
22/06/2023,2617798,Cold and Flu,20
25/06/2023,2617798,Cold and Flu,17
28/06/2023,2617798,Cold and Flu,11
21/07/2023,2617798,Cold and Flu,14
24/07/2023,2617798,Cold and Flu,18
27/07/2023,2617798,Cold and Flu,20
30/07/2023,2617798,Cold and Flu,8
19/08/2023,2617798,Cold and Flu,1
22/08/2023,2617798,Cold and Flu,5
25/08/2023,2617798,Cold and Flu,5
28/08/2023,2617798,Cold and Flu,2
20/09/2023,2617798,Cold and Flu,8
26/09/2023,2617798,Cold and Flu,2
19/10/2023,2617798,Cold and Flu,2
22/10/2023,2617798,Cold and Flu,4
25/10/2023,2617798,Cold and Flu,3
28/10/2023,2617798,Cold and Flu,1
17/11/2023,2617798,Cold and Flu,3
20/11/2023,2617798,Cold and Flu,2
23/11/2023,2617798,Cold and Flu,3
26/11/2023,2617798,Cold and Flu,25
19/12/2023,2617798,Cold and Flu,3
22/12/2023,2617798,Cold and Flu,5
25/12/2023,2617798,Cold and Flu,3
28/12/2023,2617798,Cold and Flu,6
10/01/2023,2686282,Hair Care,23
13/01/2023,2686282,Hair Care,10
16/01/2023,2686282,Hair Care,21
19/01/2023,2686282,Hair Care,21
11/02/2023,2686282,Hair Care,7
14/02/2023,2686282,Hair Care,19
17/02/2023,2686282,Hair Care,7
12/03/2023,2686282,Hair Care,12
15/03/2023,2686282,Hair Care,11
18/03/2023,2686282,Hair Care,26
21/03/2023,2686282,Hair Care,15
10/04/2023,2686282,Hair Care,10
13/04/2023,2686282,Hair Care,20
16/04/2023,2686282,Hair Care,7
19/04/2023,2686282,Hair Care,9
12/05/2023,2686282,Hair Care,12
15/05/2023,2686282,Hair Care,155
18/05/2023,2686282,Hair Care,56
21/05/2023,2686282,Hair Care,60
10/06/2023,2686282,Hair Care,10
13/06/2023,2686282,Hair Care,8
16/06/2023,2686282,Hair Care,3
19/06/2023,2686282,Hair Care,17
12/07/2023,2686282,Hair Care,17
15/07/2023,2686282,Hair Care,37
18/07/2023,2686282,Hair Care,25
10/08/2023,2686282,Hair Care,11
13/08/2023,2686282,Hair Care,7
16/08/2023,2686282,Hair Care,25
19/08/2023,2686282,Hair Care,12
8/09/2023,2686282,Hair Care,27
11/09/2023,2686282,Hair Care,35
14/09/2023,2686282,Hair Care,31
17/09/2023,2686282,Hair Care,25
10/10/2023,2686282,Hair Care,6
13/10/2023,2686282,Hair Care,11
16/10/2023,2686282,Hair Care,14
19/10/2023,2686282,Hair Care,15
8/11/2023,2686282,Hair Care,18
11/11/2023,2686282,Hair Care,11
14/11/2023,2686282,Hair Care,4
17/11/2023,2686282,Hair Care,2
10/12/2023,2686282,Hair Care,15
13/12/2023,2686282,Hair Care,13
16/12/2023,2686282,Hair Care,12
5/01/2023,2696343,Cosmetics,8
8/01/2023,2696343,Cosmetics,2
11/01/2023,2696343,Cosmetics,30
3/02/2023,2696343,Cosmetics,24
6/02/2023,2696343,Cosmetics,14
9/02/2023,2696343,Cosmetics,6
12/02/2023,2696343,Cosmetics,9
4/03/2023,2696343,Cosmetics,29
7/03/2023,2696343,Cosmetics,33
10/03/2023,2696343,Cosmetics,7
13/03/2023,2696343,Cosmetics,14
5/04/2023,2696343,Cosmetics,34
8/04/2023,2696343,Cosmetics,13
11/04/2023,2696343,Cosmetics,32
4/05/2023,2696343,Cosmetics,10
7/05/2023,2696343,Cosmetics,9
10/05/2023,2696343,Cosmetics,14
13/05/2023,2696343,Cosmetics,13
2/06/2023,2696343,Cosmetics,39
5/06/2023,2696343,Cosmetics,26
8/06/2023,2696343,Cosmetics,11
11/06/2023,2696343,Cosmetics,9
4/07/2023,2696343,Cosmetics,42
7/07/2023,2696343,Cosmetics,10
10/07/2023,2696343,Cosmetics,13
13/07/2023,2696343,Cosmetics,9
2/08/2023,2696343,Cosmetics,21
5/08/2023,2696343,Cosmetics,43
8/08/2023,2696343,Cosmetics,55
11/08/2023,2696343,Cosmetics,41
3/09/2023,2696343,Cosmetics,11
6/09/2023,2696343,Cosmetics,66
9/09/2023,2696343,Cosmetics,39
2/10/2023,2696343,Cosmetics,46
5/10/2023,2696343,Cosmetics,45
8/10/2023,2696343,Cosmetics,33
11/10/2023,2696343,Cosmetics,50
31/10/2023,2696343,Cosmetics,39
3/11/2023,2696343,Cosmetics,13
6/11/2023,2696343,Cosmetics,8
9/11/2023,2696343,Cosmetics,33
2/12/2023,2696343,Cosmetics,27
5/12/2023,2696343,Cosmetics,24
8/12/2023,2696343,Cosmetics,30
11/12/2023,2696343,Cosmetics,16
31/12/2023,2696343,Cosmetics,42
14/01/2023,2696522,Hayfever,37
17/01/2023,2696522,Hayfever,53
20/01/2023,2696522,Hayfever,53
23/01/2023,2696522,Hayfever,37
12/02/2023,2696522,Hayfever,29
15/02/2023,2696522,Hayfever,41
18/02/2023,2696522,Hayfever,38
21/02/2023,2696522,Hayfever,27
16/03/2023,2696522,Hayfever,43
19/03/2023,2696522,Hayfever,31
22/03/2023,2696522,Hayfever,40
14/04/2023,2696522,Hayfever,34
17/04/2023,2696522,Hayfever,32
20/04/2023,2696522,Hayfever,29
23/04/2023,2696522,Hayfever,31
13/05/2023,2696522,Hayfever,27
16/05/2023,2696522,Hayfever,34
19/05/2023,2696522,Hayfever,21
22/05/2023,2696522,Hayfever,28
14/06/2023,2696522,Hayfever,18
17/06/2023,2696522,Hayfever,15
20/06/2023,2696522,Hayfever,21
13/07/2023,2696522,Hayfever,26
16/07/2023,2696522,Hayfever,19
19/07/2023,2696522,Hayfever,38
22/07/2023,2696522,Hayfever,27
11/08/2023,2696522,Hayfever,34
14/08/2023,2696522,Hayfever,35
17/08/2023,2696522,Hayfever,45
20/08/2023,2696522,Hayfever,46
12/09/2023,2696522,Hayfever,52
15/09/2023,2696522,Hayfever,47
18/09/2023,2696522,Hayfever,47
21/09/2023,2696522,Hayfever,60
1/01/2023,2490971,Cold and Flu,24
4/01/2023,2490971,Cold and Flu,26
7/01/2023,2490971,Cold and Flu,21
27/01/2023,2490971,Cold and Flu,9
30/01/2023,2490971,Cold and Flu,15
2/02/2023,2490971,Cold and Flu,15
5/02/2023,2490971,Cold and Flu,13
28/02/2023,2490971,Cold and Flu,21
3/03/2023,2490971,Cold and Flu,13
6/03/2023,2490971,Cold and Flu,16
29/03/2023,2490971,Cold and Flu,32
1/04/2023,2490971,Cold and Flu,20
4/04/2023,2490971,Cold and Flu,17
7/04/2023,2490971,Cold and Flu,2
27/04/2023,2490971,Cold and Flu,28
30/04/2023,2490971,Cold and Flu,35
3/05/2023,2490971,Cold and Flu,38
6/05/2023,2490971,Cold and Flu,23
29/05/2023,2490971,Cold and Flu,42
1/06/2023,2490971,Cold and Flu,35
4/06/2023,2490971,Cold and Flu,30
7/06/2023,2490971,Cold and Flu,45
27/06/2023,2490971,Cold and Flu,31
30/06/2023,2490971,Cold and Flu,23
3/07/2023,2490971,Cold and Flu,50
6/07/2023,2490971,Cold and Flu,28
29/07/2023,2490971,Cold and Flu,14
1/08/2023,2490971,Cold and Flu,25
4/08/2023,2490971,Cold and Flu,16
27/08/2023,2490971,Cold and Flu,14
30/08/2023,2490971,Cold and Flu,20
2/09/2023,2490971,Cold and Flu,15
5/09/2023,2490971,Cold and Flu,14
25/09/2023,2490971,Cold and Flu,14
28/09/2023,2490971,Cold and Flu,10
1/10/2023,2490971,Cold and Flu,9
4/10/2023,2490971,Cold and Flu,15
27/10/2023,2490971,Cold and Flu,15
30/10/2023,2490971,Cold and Flu,18
2/11/2023,2490971,Cold and Flu,21
25/11/2023,2490971,Cold and Flu,28
28/11/2023,2490971,Cold and Flu,16
1/12/2023,2490971,Cold and Flu,14
4/12/2023,2490971,Cold and Flu,22
24/12/2023,2490971,Cold and Flu,8
27/12/2023,2490971,Cold and Flu,19
30/12/2023,2490971,Cold and Flu,20
2/01/2023,2609910,Hayfever,60
5/01/2023,2609910,Hayfever,74
8/01/2023,2609910,Hayfever,70
11/01/2023,2609910,Hayfever,52
3/02/2023,2609910,Hayfever,54
6/02/2023,2609910,Hayfever,62
9/02/2023,2609910,Hayfever,41
4/03/2023,2609910,Hayfever,36
7/03/2023,2609910,Hayfever,38
10/03/2023,2609910,Hayfever,45
13/03/2023,2609910,Hayfever,49
2/04/2023,2609910,Hayfever,58
5/04/2023,2609910,Hayfever,47
8/04/2023,2609910,Hayfever,32
11/04/2023,2609910,Hayfever,45
4/05/2023,2609910,Hayfever,43
7/05/2023,2609910,Hayfever,44
10/05/2023,2609910,Hayfever,40
13/05/2023,2609910,Hayfever,29
2/06/2023,2609910,Hayfever,21
5/06/2023,2609910,Hayfever,28
8/06/2023,2609910,Hayfever,48
11/06/2023,2609910,Hayfever,52
4/07/2023,2609910,Hayfever,37
7/07/2023,2609910,Hayfever,25
10/07/2023,2609910,Hayfever,21
2/08/2023,2609910,Hayfever,56
5/08/2023,2609910,Hayfever,36
8/08/2023,2609910,Hayfever,119
11/08/2023,2609910,Hayfever,53
31/08/2023,2609910,Hayfever,69
3/09/2023,2609910,Hayfever,38
6/09/2023,2609910,Hayfever,62
9/09/2023,2609910,Hayfever,36
2/10/2023,2609910,Hayfever,37
5/10/2023,2609910,Hayfever,31
8/10/2023,2609910,Hayfever,40
11/10/2023,2609910,Hayfever,36
31/10/2023,2609910,Hayfever,24
3/11/2023,2609910,Hayfever,14
6/11/2023,2609910,Hayfever,15
9/11/2023,2609910,Hayfever,10
29/11/2023,2609910,Hayfever,8
2/12/2023,2609910,Hayfever,10
5/12/2023,2609910,Hayfever,12
8/12/2023,2609910,Hayfever,7
31/12/2023,2609910,Hayfever,9
2/01/2023,2617798,Cold and Flu,4
5/01/2023,2617798,Cold and Flu,2
8/01/2023,2617798,Cold and Flu,5
11/01/2023,2617798,Cold and Flu,9
31/01/2023,2617798,Cold and Flu,4
6/02/2023,2617798,Cold and Flu,2
9/02/2023,2617798,Cold and Flu,2
4/03/2023,2617798,Cold and Flu,6
7/03/2023,2617798,Cold and Flu,17
10/03/2023,2617798,Cold and Flu,8
13/03/2023,2617798,Cold and Flu,6
2/04/2023,2617798,Cold and Flu,3
5/04/2023,2617798,Cold and Flu,1
8/04/2023,2617798,Cold and Flu,2
11/04/2023,2617798,Cold and Flu,2
4/05/2023,2617798,Cold and Flu,28
7/05/2023,2617798,Cold and Flu,30
10/05/2023,2617798,Cold and Flu,28
2/06/2023,2617798,Cold and Flu,10
5/06/2023,2617798,Cold and Flu,22
8/06/2023,2617798,Cold and Flu,6
11/06/2023,2617798,Cold and Flu,7
1/07/2023,2617798,Cold and Flu,9
4/07/2023,2617798,Cold and Flu,11
7/07/2023,2617798,Cold and Flu,7
10/07/2023,2617798,Cold and Flu,7
2/08/2023,2617798,Cold and Flu,18
5/08/2023,2617798,Cold and Flu,3
8/08/2023,2617798,Cold and Flu,5
31/08/2023,2617798,Cold and Flu,4
3/09/2023,2617798,Cold and Flu,5
6/09/2023,2617798,Cold and Flu,8
9/09/2023,2617798,Cold and Flu,11
29/09/2023,2617798,Cold and Flu,5
2/10/2023,2617798,Cold and Flu,2
5/10/2023,2617798,Cold and Flu,2
8/10/2023,2617798,Cold and Flu,4
31/10/2023,2617798,Cold and Flu,4
3/11/2023,2617798,Cold and Flu,2
6/11/2023,2617798,Cold and Flu,1
9/11/2023,2617798,Cold and Flu,2
29/11/2023,2617798,Cold and Flu,1
2/12/2023,2617798,Cold and Flu,2
5/12/2023,2617798,Cold and Flu,4
8/12/2023,2617798,Cold and Flu,4
31/12/2023,2617798,Cold and Flu,3
22/01/2023,2686282,Hair Care,14
25/01/2023,2686282,Hair Care,11
28/01/2023,2686282,Hair Care,14
31/01/2023,2686282,Hair Care,11
20/02/2023,2686282,Hair Care,16
23/02/2023,2686282,Hair Care,12
26/02/2023,2686282,Hair Care,19
1/03/2023,2686282,Hair Care,15
24/03/2023,2686282,Hair Care,6
27/03/2023,2686282,Hair Care,18
30/03/2023,2686282,Hair Care,11
2/04/2023,2686282,Hair Care,8
22/04/2023,2686282,Hair Care,11
25/04/2023,2686282,Hair Care,15
28/04/2023,2686282,Hair Care,11
1/05/2023,2686282,Hair Care,19
24/05/2023,2686282,Hair Care,92
27/05/2023,2686282,Hair Care,9
30/05/2023,2686282,Hair Care,18
22/06/2023,2686282,Hair Care,35
25/06/2023,2686282,Hair Care,26
28/06/2023,2686282,Hair Care,18
1/07/2023,2686282,Hair Care,31
21/07/2023,2686282,Hair Care,12
24/07/2023,2686282,Hair Care,12
27/07/2023,2686282,Hair Care,18
30/07/2023,2686282,Hair Care,11
22/08/2023,2686282,Hair Care,16
25/08/2023,2686282,Hair Care,8
28/08/2023,2686282,Hair Care,15
31/08/2023,2686282,Hair Care,13
20/09/2023,2686282,Hair Care,29
23/09/2023,2686282,Hair Care,34
26/09/2023,2686282,Hair Care,10
29/09/2023,2686282,Hair Care,8
22/10/2023,2686282,Hair Care,10
25/10/2023,2686282,Hair Care,16
28/10/2023,2686282,Hair Care,9
20/11/2023,2686282,Hair Care,5
23/11/2023,2686282,Hair Care,10
26/11/2023,2686282,Hair Care,28
29/11/2023,2686282,Hair Care,11
19/12/2023,2686282,Hair Care,17
22/12/2023,2686282,Hair Care,17
25/12/2023,2686282,Hair Care,13
28/12/2023,2686282,Hair Care,36
2/01/2023,2696343,Cosmetics,4
22/01/2023,2696343,Cosmetics,6
25/01/2023,2696343,Cosmetics,0
28/01/2023,2696343,Cosmetics,2
31/01/2023,2696343,Cosmetics,8
23/02/2023,2696343,Cosmetics,28
26/02/2023,2696343,Cosmetics,23
1/03/2023,2696343,Cosmetics,28
24/03/2023,2696343,Cosmetics,47
27/03/2023,2696343,Cosmetics,41
30/03/2023,2696343,Cosmetics,43
2/04/2023,2696343,Cosmetics,41
22/04/2023,2696343,Cosmetics,11
25/04/2023,2696343,Cosmetics,20
28/04/2023,2696343,Cosmetics,11
1/05/2023,2696343,Cosmetics,6
24/05/2023,2696343,Cosmetics,144
27/05/2023,2696343,Cosmetics,44
30/05/2023,2696343,Cosmetics,43
22/06/2023,2696343,Cosmetics,24
25/06/2023,2696343,Cosmetics,19
28/06/2023,2696343,Cosmetics,24
1/07/2023,2696343,Cosmetics,27
21/07/2023,2696343,Cosmetics,15
24/07/2023,2696343,Cosmetics,11
27/07/2023,2696343,Cosmetics,16
30/07/2023,2696343,Cosmetics,16
22/08/2023,2696343,Cosmetics,13
25/08/2023,2696343,Cosmetics,11
28/08/2023,2696343,Cosmetics,3
31/08/2023,2696343,Cosmetics,8
20/09/2023,2696343,Cosmetics,61
23/09/2023,2696343,Cosmetics,51
26/09/2023,2696343,Cosmetics,51
29/09/2023,2696343,Cosmetics,42
22/10/2023,2696343,Cosmetics,19
25/10/2023,2696343,Cosmetics,30
28/10/2023,2696343,Cosmetics,44
20/11/2023,2696343,Cosmetics,48
23/11/2023,2696343,Cosmetics,76
26/11/2023,2696343,Cosmetics,150
29/11/2023,2696343,Cosmetics,27
19/12/2023,2696343,Cosmetics,19
22/12/2023,2696343,Cosmetics,15
25/12/2023,2696343,Cosmetics,35
28/12/2023,2696343,Cosmetics,77
3/01/2023,2696522,Hayfever,52
26/01/2023,2696522,Hayfever,50
29/01/2023,2696522,Hayfever,59
1/02/2023,2696522,Hayfever,42
24/02/2023,2696522,Hayfever,32
27/02/2023,2696522,Hayfever,45
2/03/2023,2696522,Hayfever,30
5/03/2023,2696522,Hayfever,34
25/03/2023,2696522,Hayfever,26
28/03/2023,2696522,Hayfever,29
31/03/2023,2696522,Hayfever,44
3/04/2023,2696522,Hayfever,70
26/04/2023,2696522,Hayfever,34
29/04/2023,2696522,Hayfever,35
2/05/2023,2696522,Hayfever,26
25/05/2023,2696522,Hayfever,35
28/05/2023,2696522,Hayfever,33
31/05/2023,2696522,Hayfever,33
3/06/2023,2696522,Hayfever,22
23/06/2023,2696522,Hayfever,14
26/06/2023,2696522,Hayfever,34
29/06/2023,2696522,Hayfever,31
2/07/2023,2696522,Hayfever,27
6/01/2023,2490971,Cold and Flu,31
9/01/2023,2490971,Cold and Flu,20
12/01/2023,2490971,Cold and Flu,22
4/02/2023,2490971,Cold and Flu,16
7/02/2023,2490971,Cold and Flu,21
10/02/2023,2490971,Cold and Flu,11
13/02/2023,2490971,Cold and Flu,20
5/03/2023,2490971,Cold and Flu,16
8/03/2023,2490971,Cold and Flu,22
11/03/2023,2490971,Cold and Flu,13
14/03/2023,2490971,Cold and Flu,20
6/04/2023,2490971,Cold and Flu,6
9/04/2023,2490971,Cold and Flu,20
12/04/2023,2490971,Cold and Flu,36
15/04/2023,2490971,Cold and Flu,17
5/05/2023,2490971,Cold and Flu,10
8/05/2023,2490971,Cold and Flu,48
11/05/2023,2490971,Cold and Flu,24
14/05/2023,2490971,Cold and Flu,32
6/06/2023,2490971,Cold and Flu,29
9/06/2023,2490971,Cold and Flu,35
12/06/2023,2490971,Cold and Flu,25
5/07/2023,2490971,Cold and Flu,42
8/07/2023,2490971,Cold and Flu,19
11/07/2023,2490971,Cold and Flu,30
14/07/2023,2490971,Cold and Flu,22
3/08/2023,2490971,Cold and Flu,22
6/08/2023,2490971,Cold and Flu,23
9/08/2023,2490971,Cold and Flu,21
12/08/2023,2490971,Cold and Flu,22
4/09/2023,2490971,Cold and Flu,21
7/09/2023,2490971,Cold and Flu,20
10/09/2023,2490971,Cold and Flu,18
13/09/2023,2490971,Cold and Flu,27
3/10/2023,2490971,Cold and Flu,12
6/10/2023,2490971,Cold and Flu,8
9/10/2023,2490971,Cold and Flu,15
12/10/2023,2490971,Cold and Flu,18
4/11/2023,2490971,Cold and Flu,12
7/11/2023,2490971,Cold and Flu,16
10/11/2023,2490971,Cold and Flu,14
3/12/2023,2490971,Cold and Flu,18
6/12/2023,2490971,Cold and Flu,16
9/12/2023,2490971,Cold and Flu,17
12/12/2023,2490971,Cold and Flu,24
3/01/2023,2609910,Hayfever,70
26/01/2023,2609910,Hayfever,54
29/01/2023,2609910,Hayfever,74
1/02/2023,2609910,Hayfever,71
4/02/2023,2609910,Hayfever,57
24/02/2023,2609910,Hayfever,48
27/02/2023,2609910,Hayfever,73
2/03/2023,2609910,Hayfever,47
5/03/2023,2609910,Hayfever,35
28/03/2023,2609910,Hayfever,34
31/03/2023,2609910,Hayfever,37
3/04/2023,2609910,Hayfever,51
26/04/2023,2609910,Hayfever,50
29/04/2023,2609910,Hayfever,45
2/05/2023,2609910,Hayfever,54
5/05/2023,2609910,Hayfever,48
25/05/2023,2609910,Hayfever,46
28/05/2023,2609910,Hayfever,41
31/05/2023,2609910,Hayfever,36
3/06/2023,2609910,Hayfever,39
26/06/2023,2609910,Hayfever,30
29/06/2023,2609910,Hayfever,32
2/07/2023,2609910,Hayfever,42
5/07/2023,2609910,Hayfever,44
25/07/2023,2609910,Hayfever,35
28/07/2023,2609910,Hayfever,29
31/07/2023,2609910,Hayfever,47
3/08/2023,2609910,Hayfever,35
26/08/2023,2609910,Hayfever,46
29/08/2023,2609910,Hayfever,53
1/09/2023,2609910,Hayfever,46
24/09/2023,2609910,Hayfever,44
27/09/2023,2609910,Hayfever,58
30/09/2023,2609910,Hayfever,34
3/10/2023,2609910,Hayfever,38
23/10/2023,2609910,Hayfever,27
26/10/2023,2609910,Hayfever,32
29/10/2023,2609910,Hayfever,33
1/11/2023,2609910,Hayfever,31
24/11/2023,2609910,Hayfever,12
27/11/2023,2609910,Hayfever,16
30/11/2023,2609910,Hayfever,10
23/12/2023,2609910,Hayfever,4
26/12/2023,2609910,Hayfever,12
29/12/2023,2609910,Hayfever,7
3/01/2023,2617798,Cold and Flu,4
26/01/2023,2617798,Cold and Flu,7
1/02/2023,2617798,Cold and Flu,1
24/02/2023,2617798,Cold and Flu,7
27/02/2023,2617798,Cold and Flu,16
2/03/2023,2617798,Cold and Flu,25
5/03/2023,2617798,Cold and Flu,30
25/03/2023,2617798,Cold and Flu,1
28/03/2023,2617798,Cold and Flu,1
31/03/2023,2617798,Cold and Flu,1
3/04/2023,2617798,Cold and Flu,6
26/04/2023,2617798,Cold and Flu,14
29/04/2023,2617798,Cold and Flu,11
2/05/2023,2617798,Cold and Flu,20
25/05/2023,2617798,Cold and Flu,12
28/05/2023,2617798,Cold and Flu,26
31/05/2023,2617798,Cold and Flu,11
3/06/2023,2617798,Cold and Flu,17
23/06/2023,2617798,Cold and Flu,13
26/06/2023,2617798,Cold and Flu,13
29/06/2023,2617798,Cold and Flu,17
2/07/2023,2617798,Cold and Flu,10
25/07/2023,2617798,Cold and Flu,8
28/07/2023,2617798,Cold and Flu,10
31/07/2023,2617798,Cold and Flu,8
3/08/2023,2617798,Cold and Flu,8
23/08/2023,2617798,Cold and Flu,1
26/08/2023,2617798,Cold and Flu,4
29/08/2023,2617798,Cold and Flu,6
1/09/2023,2617798,Cold and Flu,4
24/09/2023,2617798,Cold and Flu,5
27/09/2023,2617798,Cold and Flu,3
30/09/2023,2617798,Cold and Flu,1
26/10/2023,2617798,Cold and Flu,10
29/10/2023,2617798,Cold and Flu,5
1/11/2023,2617798,Cold and Flu,8
21/11/2023,2617798,Cold and Flu,9
24/11/2023,2617798,Cold and Flu,49
27/11/2023,2617798,Cold and Flu,5
30/11/2023,2617798,Cold and Flu,4
26/12/2023,2617798,Cold and Flu,3
29/12/2023,2617798,Cold and Flu,2
14/01/2023,2686282,Hair Care,15
17/01/2023,2686282,Hair Care,15
20/01/2023,2686282,Hair Care,20
23/01/2023,2686282,Hair Care,14
15/02/2023,2686282,Hair Care,15
18/02/2023,2686282,Hair Care,9
21/02/2023,2686282,Hair Care,9
16/03/2023,2686282,Hair Care,12
19/03/2023,2686282,Hair Care,13
22/03/2023,2686282,Hair Care,18
25/03/2023,2686282,Hair Care,6
14/04/2023,2686282,Hair Care,7
17/04/2023,2686282,Hair Care,2
20/04/2023,2686282,Hair Care,10
23/04/2023,2686282,Hair Care,15
16/05/2023,2686282,Hair Care,45
19/05/2023,2686282,Hair Care,36
22/05/2023,2686282,Hair Care,63
25/05/2023,2686282,Hair Care,41
14/06/2023,2686282,Hair Care,10
17/06/2023,2686282,Hair Care,7
20/06/2023,2686282,Hair Care,7
23/06/2023,2686282,Hair Care,30
16/07/2023,2686282,Hair Care,12
19/07/2023,2686282,Hair Care,35
22/07/2023,2686282,Hair Care,16
14/08/2023,2686282,Hair Care,7
17/08/2023,2686282,Hair Care,8
20/08/2023,2686282,Hair Care,10
23/08/2023,2686282,Hair Care,17
12/09/2023,2686282,Hair Care,34
15/09/2023,2686282,Hair Care,24
18/09/2023,2686282,Hair Care,27
21/09/2023,2686282,Hair Care,26
14/10/2023,2686282,Hair Care,6
17/10/2023,2686282,Hair Care,13
20/10/2023,2686282,Hair Care,14
12/11/2023,2686282,Hair Care,16
15/11/2023,2686282,Hair Care,11
18/11/2023,2686282,Hair Care,6
21/11/2023,2686282,Hair Care,11
11/12/2023,2686282,Hair Care,15
14/12/2023,2686282,Hair Care,12
17/12/2023,2686282,Hair Care,8
20/12/2023,2686282,Hair Care,14
1/01/2023,2696343,Cosmetics,10
4/01/2023,2696343,Cosmetics,5
7/01/2023,2696343,Cosmetics,3
30/01/2023,2696343,Cosmetics,7
2/02/2023,2696343,Cosmetics,13
5/02/2023,2696343,Cosmetics,26
8/02/2023,2696343,Cosmetics,25
28/02/2023,2696343,Cosmetics,18
3/03/2023,2696343,Cosmetics,19
6/03/2023,2696343,Cosmetics,23
9/03/2023,2696343,Cosmetics,17
1/04/2023,2696343,Cosmetics,39
4/04/2023,2696343,Cosmetics,52
7/04/2023,2696343,Cosmetics,10
10/04/2023,2696343,Cosmetics,23
30/04/2023,2696343,Cosmetics,4
3/05/2023,2696343,Cosmetics,7
6/05/2023,2696343,Cosmetics,10
9/05/2023,2696343,Cosmetics,7
1/06/2023,2696343,Cosmetics,37
4/06/2023,2696343,Cosmetics,36
7/06/2023,2696343,Cosmetics,52
30/06/2023,2696343,Cosmetics,15
3/07/2023,2696343,Cosmetics,33
6/07/2023,2696343,Cosmetics,11
9/07/2023,2696343,Cosmetics,9
29/07/2023,2696343,Cosmetics,5
1/08/2023,2696343,Cosmetics,16
4/08/2023,2696343,Cosmetics,52
7/08/2023,2696343,Cosmetics,55
30/08/2023,2696343,Cosmetics,12
2/09/2023,2696343,Cosmetics,10
5/09/2023,2696343,Cosmetics,42
28/09/2023,2696343,Cosmetics,41
1/10/2023,2696343,Cosmetics,57
4/10/2023,2696343,Cosmetics,49
7/10/2023,2696343,Cosmetics,37
27/10/2023,2696343,Cosmetics,41
30/10/2023,2696343,Cosmetics,44
2/11/2023,2696343,Cosmetics,14
5/11/2023,2696343,Cosmetics,14
28/11/2023,2696343,Cosmetics,23
1/12/2023,2696343,Cosmetics,29
4/12/2023,2696343,Cosmetics,40
7/12/2023,2696343,Cosmetics,32
27/12/2023,2696343,Cosmetics,65
30/12/2023,2696343,Cosmetics,53
18/01/2023,2696522,Hayfever,39
21/01/2023,2696522,Hayfever,37
24/01/2023,2696522,Hayfever,53
16/02/2023,2696522,Hayfever,36
19/02/2023,2696522,Hayfever,33
22/02/2023,2696522,Hayfever,28
25/02/2023,2696522,Hayfever,46
17/03/2023,2696522,Hayfever,39
20/03/2023,2696522,Hayfever,24
23/03/2023,2696522,Hayfever,31
26/03/2023,2696522,Hayfever,43
18/04/2023,2696522,Hayfever,36
21/04/2023,2696522,Hayfever,24
24/04/2023,2696522,Hayfever,33
27/04/2023,2696522,Hayfever,38
17/05/2023,2696522,Hayfever,40
20/05/2023,2696522,Hayfever,21
23/05/2023,2696522,Hayfever,32
26/05/2023,2696522,Hayfever,27
18/06/2023,2696522,Hayfever,15
21/06/2023,2696522,Hayfever,20
24/06/2023,2696522,Hayfever,31
17/07/2023,2696522,Hayfever,23
20/07/2023,2696522,Hayfever,41
23/07/2023,2696522,Hayfever,34
26/07/2023,2696522,Hayfever,33
15/08/2023,2696522,Hayfever,37
18/08/2023,2696522,Hayfever,34
21/08/2023,2696522,Hayfever,40
24/08/2023,2696522,Hayfever,58
16/09/2023,2696522,Hayfever,40
2/01/2023,2490971,Cold and Flu,28
5/01/2023,2490971,Cold and Flu,33
8/01/2023,2490971,Cold and Flu,21
11/01/2023,2490971,Cold and Flu,31
31/01/2023,2490971,Cold and Flu,17
3/02/2023,2490971,Cold and Flu,9
6/02/2023,2490971,Cold and Flu,18
9/02/2023,2490971,Cold and Flu,8
4/03/2023,2490971,Cold and Flu,15
7/03/2023,2490971,Cold and Flu,27
10/03/2023,2490971,Cold and Flu,15
2/04/2023,2490971,Cold and Flu,16
5/04/2023,2490971,Cold and Flu,18
8/04/2023,2490971,Cold and Flu,14
11/04/2023,2490971,Cold and Flu,36
1/05/2023,2490971,Cold and Flu,24
4/05/2023,2490971,Cold and Flu,31
7/05/2023,2490971,Cold and Flu,29
10/05/2023,2490971,Cold and Flu,36
2/06/2023,2490971,Cold and Flu,30
5/06/2023,2490971,Cold and Flu,42
8/06/2023,2490971,Cold and Flu,28
1/07/2023,2490971,Cold and Flu,20
4/07/2023,2490971,Cold and Flu,33
7/07/2023,2490971,Cold and Flu,24
10/07/2023,2490971,Cold and Flu,41
30/07/2023,2490971,Cold and Flu,13
2/08/2023,2490971,Cold and Flu,28
5/08/2023,2490971,Cold and Flu,13
8/08/2023,2490971,Cold and Flu,23
31/08/2023,2490971,Cold and Flu,15
3/09/2023,2490971,Cold and Flu,16
6/09/2023,2490971,Cold and Flu,21
9/09/2023,2490971,Cold and Flu,16
29/09/2023,2490971,Cold and Flu,12
2/10/2023,2490971,Cold and Flu,13
5/10/2023,2490971,Cold and Flu,7
8/10/2023,2490971,Cold and Flu,14
31/10/2023,2490971,Cold and Flu,19
3/11/2023,2490971,Cold and Flu,16
6/11/2023,2490971,Cold and Flu,18
29/11/2023,2490971,Cold and Flu,22
2/12/2023,2490971,Cold and Flu,10
5/12/2023,2490971,Cold and Flu,14
8/12/2023,2490971,Cold and Flu,12
28/12/2023,2490971,Cold and Flu,29
31/12/2023,2490971,Cold and Flu,14
1/01/2023,2609910,Hayfever,64
4/01/2023,2609910,Hayfever,66
7/01/2023,2609910,Hayfever,53
30/01/2023,2609910,Hayfever,65
2/02/2023,2609910,Hayfever,71
5/02/2023,2609910,Hayfever,59
8/02/2023,2609910,Hayfever,61
28/02/2023,2609910,Hayfever,66
3/03/2023,2609910,Hayfever,34
6/03/2023,2609910,Hayfever,54
9/03/2023,2609910,Hayfever,47
1/04/2023,2609910,Hayfever,47
4/04/2023,2609910,Hayfever,39
7/04/2023,2609910,Hayfever,28
30/04/2023,2609910,Hayfever,49
3/05/2023,2609910,Hayfever,46
6/05/2023,2609910,Hayfever,37
9/05/2023,2609910,Hayfever,34
29/05/2023,2609910,Hayfever,39
1/06/2023,2609910,Hayfever,25
4/06/2023,2609910,Hayfever,28
7/06/2023,2609910,Hayfever,45
30/06/2023,2609910,Hayfever,27
3/07/2023,2609910,Hayfever,45
6/07/2023,2609910,Hayfever,31
29/07/2023,2609910,Hayfever,29
1/08/2023,2609910,Hayfever,54
4/08/2023,2609910,Hayfever,43
7/08/2023,2609910,Hayfever,206
27/08/2023,2609910,Hayfever,54
30/08/2023,2609910,Hayfever,48
2/09/2023,2609910,Hayfever,38
5/09/2023,2609910,Hayfever,56
28/09/2023,2609910,Hayfever,43
1/10/2023,2609910,Hayfever,56
4/10/2023,2609910,Hayfever,42
7/10/2023,2609910,Hayfever,31
27/10/2023,2609910,Hayfever,23
30/10/2023,2609910,Hayfever,38
2/11/2023,2609910,Hayfever,16
5/11/2023,2609910,Hayfever,10
28/11/2023,2609910,Hayfever,7
1/12/2023,2609910,Hayfever,5
4/12/2023,2609910,Hayfever,7
27/12/2023,2609910,Hayfever,6
30/12/2023,2609910,Hayfever,7
1/01/2023,2617798,Cold and Flu,5
4/01/2023,2617798,Cold and Flu,8
7/01/2023,2617798,Cold and Flu,2
30/01/2023,2617798,Cold and Flu,2
2/02/2023,2617798,Cold and Flu,4
5/02/2023,2617798,Cold and Flu,3
28/02/2023,2617798,Cold and Flu,45
3/03/2023,2617798,Cold and Flu,23
6/03/2023,2617798,Cold and Flu,13
9/03/2023,2617798,Cold and Flu,11
29/03/2023,2617798,Cold and Flu,6
4/04/2023,2617798,Cold and Flu,6
30/04/2023,2617798,Cold and Flu,28
3/05/2023,2617798,Cold and Flu,21
6/05/2023,2617798,Cold and Flu,17
29/05/2023,2617798,Cold and Flu,19
1/06/2023,2617798,Cold and Flu,11
4/06/2023,2617798,Cold and Flu,6
7/06/2023,2617798,Cold and Flu,16
27/06/2023,2617798,Cold and Flu,15
30/06/2023,2617798,Cold and Flu,18
3/07/2023,2617798,Cold and Flu,14
6/07/2023,2617798,Cold and Flu,4
29/07/2023,2617798,Cold and Flu,9
1/08/2023,2617798,Cold and Flu,8
4/08/2023,2617798,Cold and Flu,3
7/08/2023,2617798,Cold and Flu,5
27/08/2023,2617798,Cold and Flu,2
30/08/2023,2617798,Cold and Flu,3
2/09/2023,2617798,Cold and Flu,4
5/09/2023,2617798,Cold and Flu,3
28/09/2023,2617798,Cold and Flu,6
1/10/2023,2617798,Cold and Flu,1
4/10/2023,2617798,Cold and Flu,1
27/10/2023,2617798,Cold and Flu,5
30/10/2023,2617798,Cold and Flu,1
2/11/2023,2617798,Cold and Flu,2
5/11/2023,2617798,Cold and Flu,2
25/11/2023,2617798,Cold and Flu,25
1/12/2023,2617798,Cold and Flu,3
4/12/2023,2617798,Cold and Flu,2
27/12/2023,2617798,Cold and Flu,2
30/12/2023,2617798,Cold and Flu,2
18/01/2023,2686282,Hair Care,23
21/01/2023,2686282,Hair Care,10
24/01/2023,2686282,Hair Care,15
27/01/2023,2686282,Hair Care,8
19/02/2023,2686282,Hair Care,25
22/02/2023,2686282,Hair Care,9
25/02/2023,2686282,Hair Care,14
20/03/2023,2686282,Hair Care,16
23/03/2023,2686282,Hair Care,11
26/03/2023,2686282,Hair Care,14
29/03/2023,2686282,Hair Care,6
18/04/2023,2686282,Hair Care,3
21/04/2023,2686282,Hair Care,12
24/04/2023,2686282,Hair Care,17
27/04/2023,2686282,Hair Care,14
20/05/2023,2686282,Hair Care,32
23/05/2023,2686282,Hair Care,64
26/05/2023,2686282,Hair Care,11
18/06/2023,2686282,Hair Care,18
21/06/2023,2686282,Hair Care,8
24/06/2023,2686282,Hair Care,21
27/06/2023,2686282,Hair Care,16
17/07/2023,2686282,Hair Care,40
20/07/2023,2686282,Hair Care,20
23/07/2023,2686282,Hair Care,14
26/07/2023,2686282,Hair Care,17
18/08/2023,2686282,Hair Care,10
21/08/2023,2686282,Hair Care,17
24/08/2023,2686282,Hair Care,11
27/08/2023,2686282,Hair Care,6
16/09/2023,2686282,Hair Care,14
19/09/2023,2686282,Hair Care,24
22/09/2023,2686282,Hair Care,16
25/09/2023,2686282,Hair Care,13
18/10/2023,2686282,Hair Care,16
21/10/2023,2686282,Hair Care,10
24/10/2023,2686282,Hair Care,8
16/11/2023,2686282,Hair Care,3
19/11/2023,2686282,Hair Care,15
22/11/2023,2686282,Hair Care,4
25/11/2023,2686282,Hair Care,18
15/12/2023,2686282,Hair Care,10
18/12/2023,2686282,Hair Care,23
21/12/2023,2686282,Hair Care,7
24/12/2023,2686282,Hair Care,11
3/01/2023,2696343,Cosmetics,3
26/01/2023,2696343,Cosmetics,3
29/01/2023,2696343,Cosmetics,9
1/02/2023,2696343,Cosmetics,16
4/02/2023,2696343,Cosmetics,17
24/02/2023,2696343,Cosmetics,27
27/02/2023,2696343,Cosmetics,25
2/03/2023,2696343,Cosmetics,22
5/03/2023,2696343,Cosmetics,25
28/03/2023,2696343,Cosmetics,68
31/03/2023,2696343,Cosmetics,39
3/04/2023,2696343,Cosmetics,44
6/04/2023,2696343,Cosmetics,19
26/04/2023,2696343,Cosmetics,9
29/04/2023,2696343,Cosmetics,6
2/05/2023,2696343,Cosmetics,12
5/05/2023,2696343,Cosmetics,15
28/05/2023,2696343,Cosmetics,36
31/05/2023,2696343,Cosmetics,42
3/06/2023,2696343,Cosmetics,26
26/06/2023,2696343,Cosmetics,32
29/06/2023,2696343,Cosmetics,32
2/07/2023,2696343,Cosmetics,26
5/07/2023,2696343,Cosmetics,38
25/07/2023,2696343,Cosmetics,16
28/07/2023,2696343,Cosmetics,11
31/07/2023,2696343,Cosmetics,15
3/08/2023,2696343,Cosmetics,52
26/08/2023,2696343,Cosmetics,10
29/08/2023,2696343,Cosmetics,6
1/09/2023,2696343,Cosmetics,10
4/09/2023,2696343,Cosmetics,46
24/09/2023,2696343,Cosmetics,62
27/09/2023,2696343,Cosmetics,60
30/09/2023,2696343,Cosmetics,37
3/10/2023,2696343,Cosmetics,43
26/10/2023,2696343,Cosmetics,42
29/10/2023,2696343,Cosmetics,50
1/11/2023,2696343,Cosmetics,43
24/11/2023,2696343,Cosmetics,167
27/11/2023,2696343,Cosmetics,50
30/11/2023,2696343,Cosmetics,34
3/12/2023,2696343,Cosmetics,19
23/12/2023,2696343,Cosmetics,10
26/12/2023,2696343,Cosmetics,150
29/12/2023,2696343,Cosmetics,67
22/01/2023,2696522,Hayfever,47
25/01/2023,2696522,Hayfever,34
28/01/2023,2696522,Hayfever,32
20/02/2023,2696522,Hayfever,31
23/02/2023,2696522,Hayfever,63
26/02/2023,2696522,Hayfever,42
1/03/2023,2696522,Hayfever,33
21/03/2023,2696522,Hayfever,27
24/03/2023,2696522,Hayfever,34
27/03/2023,2696522,Hayfever,47
30/03/2023,2696522,Hayfever,27
22/04/2023,2696522,Hayfever,23
25/04/2023,2696522,Hayfever,32
28/04/2023,2696522,Hayfever,27
1/05/2023,2696522,Hayfever,38
21/05/2023,2696522,Hayfever,28
24/05/2023,2696522,Hayfever,35
27/05/2023,2696522,Hayfever,28
30/05/2023,2696522,Hayfever,21
19/06/2023,2696522,Hayfever,23
22/06/2023,2696522,Hayfever,21
25/06/2023,2696522,Hayfever,39
28/06/2023,2696522,Hayfever,29
21/07/2023,2696522,Hayfever,36
24/07/2023,2696522,Hayfever,30
27/07/2023,2696522,Hayfever,34
30/07/2023,2696522,Hayfever,32
19/08/2023,2696522,Hayfever,49
11/10/2023,2696522,Hayfever,46
14/10/2023,2696522,Hayfever,45
17/10/2023,2696522,Hayfever,55
20/10/2023,2696522,Hayfever,55
12/11/2023,2696522,Hayfever,36
15/11/2023,2696522,Hayfever,35
18/11/2023,2696522,Hayfever,31
11/12/2023,2696522,Hayfever,26
14/12/2023,2696522,Hayfever,31
17/12/2023,2696522,Hayfever,27
20/12/2023,2696522,Hayfever,25
3/09/2023,2696522,Hayfever,50
6/09/2023,2696522,Hayfever,55
9/09/2023,2696522,Hayfever,49
29/09/2023,2696522,Hayfever,36
2/10/2023,2696522,Hayfever,46
5/10/2023,2696522,Hayfever,43
8/10/2023,2696522,Hayfever,48
31/10/2023,2696522,Hayfever,43
3/11/2023,2696522,Hayfever,55
6/11/2023,2696522,Hayfever,43
9/11/2023,2696522,Hayfever,44
29/11/2023,2696522,Hayfever,34
2/12/2023,2696522,Hayfever,41
5/12/2023,2696522,Hayfever,41
8/12/2023,2696522,Hayfever,31
31/12/2023,2696522,Hayfever,20
19/09/2023,2696522,Hayfever,48
22/09/2023,2696522,Hayfever,49
15/10/2023,2696522,Hayfever,50
18/10/2023,2696522,Hayfever,41
21/10/2023,2696522,Hayfever,45
24/10/2023,2696522,Hayfever,52
13/11/2023,2696522,Hayfever,51
16/11/2023,2696522,Hayfever,42
19/11/2023,2696522,Hayfever,31
22/11/2023,2696522,Hayfever,37
15/12/2023,2696522,Hayfever,31
18/12/2023,2696522,Hayfever,17
21/12/2023,2696522,Hayfever,23
24/12/2023,2696522,Hayfever,15
1/08/2023,2696522,Hayfever,36
4/08/2023,2696522,Hayfever,37
27/08/2023,2696522,Hayfever,55
30/08/2023,2696522,Hayfever,53
2/09/2023,2696522,Hayfever,39
5/09/2023,2696522,Hayfever,47
25/09/2023,2696522,Hayfever,39
28/09/2023,2696522,Hayfever,46
1/10/2023,2696522,Hayfever,42
4/10/2023,2696522,Hayfever,46
27/10/2023,2696522,Hayfever,47
30/10/2023,2696522,Hayfever,57
2/11/2023,2696522,Hayfever,56
5/11/2023,2696522,Hayfever,47
25/11/2023,2696522,Hayfever,65
28/11/2023,2696522,Hayfever,36
1/12/2023,2696522,Hayfever,30
4/12/2023,2696522,Hayfever,30
27/12/2023,2696522,Hayfever,36
30/12/2023,2696522,Hayfever,17
25/07/2023,2696522,Hayfever,30
28/07/2023,2696522,Hayfever,23
31/07/2023,2696522,Hayfever,40
3/08/2023,2696522,Hayfever,33
23/08/2023,2696522,Hayfever,43
26/08/2023,2696522,Hayfever,28
29/08/2023,2696522,Hayfever,50
1/09/2023,2696522,Hayfever,51
24/09/2023,2696522,Hayfever,50
27/09/2023,2696522,Hayfever,39
30/09/2023,2696522,Hayfever,32
23/10/2023,2696522,Hayfever,49
26/10/2023,2696522,Hayfever,60
29/10/2023,2696522,Hayfever,45
1/11/2023,2696522,Hayfever,56
21/11/2023,2696522,Hayfever,76
24/11/2023,2696522,Hayfever,84
27/11/2023,2696522,Hayfever,41
30/11/2023,2696522,Hayfever,35
23/12/2023,2696522,Hayfever,17
26/12/2023,2696522,Hayfever,36
29/12/2023,2696522,Hayfever,33
22/08/2023,2696522,Hayfever,51
25/08/2023,2696522,Hayfever,25
28/08/2023,2696522,Hayfever,47
20/09/2023,2696522,Hayfever,59
23/09/2023,2696522,Hayfever,53
26/09/2023,2696522,Hayfever,43
19/10/2023,2696522,Hayfever,53
22/10/2023,2696522,Hayfever,45
25/10/2023,2696522,Hayfever,48
28/10/2023,2696522,Hayfever,54
17/11/2023,2696522,Hayfever,38
20/11/2023,2696522,Hayfever,52
23/11/2023,2696522,Hayfever,35
26/11/2023,2696522,Hayfever,66
19/12/2023,2696522,Hayfever,26
22/12/2023,2696522,Hayfever,17
25/12/2023,2696522,Hayfever,4
28/12/2023,2696522,Hayfever,40
15/01/2023,2490971,Cold and Flu,10
18/01/2023,2490971,Cold and Flu,16
21/01/2023,2490971,Cold and Flu,14
24/01/2023,2490971,Cold and Flu,16
16/02/2023,2490971,Cold and Flu,13
19/02/2023,2490971,Cold and Flu,19
22/02/2023,2490971,Cold and Flu,13
25/02/2023,2490971,Cold and Flu,19
17/03/2023,2490971,Cold and Flu,7
20/03/2023,2490971,Cold and Flu,15
23/03/2023,2490971,Cold and Flu,21
26/03/2023,2490971,Cold and Flu,12
18/04/2023,2490971,Cold and Flu,21
21/04/2023,2490971,Cold and Flu,19
24/04/2023,2490971,Cold and Flu,19
17/05/2023,2490971,Cold and Flu,34
20/05/2023,2490971,Cold and Flu,26
23/05/2023,2490971,Cold and Flu,53
26/05/2023,2490971,Cold and Flu,34
15/06/2023,2490971,Cold and Flu,30
18/06/2023,2490971,Cold and Flu,20
21/06/2023,2490971,Cold and Flu,31
24/06/2023,2490971,Cold and Flu,31
17/07/2023,2490971,Cold and Flu,29
20/07/2023,2490971,Cold and Flu,20
23/07/2023,2490971,Cold and Flu,18
26/07/2023,2490971,Cold and Flu,29
15/08/2023,2490971,Cold and Flu,19
18/08/2023,2490971,Cold and Flu,24
21/08/2023,2490971,Cold and Flu,16
24/08/2023,2490971,Cold and Flu,17
16/09/2023,2490971,Cold and Flu,17
19/09/2023,2490971,Cold and Flu,17
22/09/2023,2490971,Cold and Flu,10
15/10/2023,2490971,Cold and Flu,3
18/10/2023,2490971,Cold and Flu,16
21/10/2023,2490971,Cold and Flu,12
24/10/2023,2490971,Cold and Flu,18
13/11/2023,2490971,Cold and Flu,31
16/11/2023,2490971,Cold and Flu,8
19/11/2023,2490971,Cold and Flu,11
22/11/2023,2490971,Cold and Flu,11
15/12/2023,2490971,Cold and Flu,11
18/12/2023,2490971,Cold and Flu,19
21/12/2023,2490971,Cold and Flu,17
14/01/2023,2609910,Hayfever,70
17/01/2023,2609910,Hayfever,46
20/01/2023,2609910,Hayfever,56
23/01/2023,2609910,Hayfever,58
12/02/2023,2609910,Hayfever,54
15/02/2023,2609910,Hayfever,51
18/02/2023,2609910,Hayfever,45
21/02/2023,2609910,Hayfever,57
16/03/2023,2609910,Hayfever,59
19/03/2023,2609910,Hayfever,49
22/03/2023,2609910,Hayfever,59
25/03/2023,2609910,Hayfever,38
14/04/2023,2609910,Hayfever,39
17/04/2023,2609910,Hayfever,49
20/04/2023,2609910,Hayfever,46
23/04/2023,2609910,Hayfever,45
16/05/2023,2609910,Hayfever,36
19/05/2023,2609910,Hayfever,39
22/05/2023,2609910,Hayfever,45
14/06/2023,2609910,Hayfever,128
17/06/2023,2609910,Hayfever,46
20/06/2023,2609910,Hayfever,58
23/06/2023,2609910,Hayfever,45
13/07/2023,2609910,Hayfever,35
16/07/2023,2609910,Hayfever,28
19/07/2023,2609910,Hayfever,43
22/07/2023,2609910,Hayfever,23
14/08/2023,2609910,Hayfever,59
17/08/2023,2609910,Hayfever,53
20/08/2023,2609910,Hayfever,44
23/08/2023,2609910,Hayfever,51
12/09/2023,2609910,Hayfever,49
15/09/2023,2609910,Hayfever,50
18/09/2023,2609910,Hayfever,68
21/09/2023,2609910,Hayfever,55
14/10/2023,2609910,Hayfever,76
17/10/2023,2609910,Hayfever,26
20/10/2023,2609910,Hayfever,24
12/11/2023,2609910,Hayfever,19
15/11/2023,2609910,Hayfever,10
18/11/2023,2609910,Hayfever,7
21/11/2023,2609910,Hayfever,11
11/12/2023,2609910,Hayfever,15
14/12/2023,2609910,Hayfever,2
17/12/2023,2609910,Hayfever,5
20/12/2023,2609910,Hayfever,7
14/01/2023,2617798,Cold and Flu,2
17/01/2023,2617798,Cold and Flu,6
20/01/2023,2617798,Cold and Flu,4
23/01/2023,2617798,Cold and Flu,1
12/02/2023,2617798,Cold and Flu,2
15/02/2023,2617798,Cold and Flu,1
18/02/2023,2617798,Cold and Flu,2
21/02/2023,2617798,Cold and Flu,6
16/03/2023,2617798,Cold and Flu,2
19/03/2023,2617798,Cold and Flu,6
22/03/2023,2617798,Cold and Flu,3
14/04/2023,2617798,Cold and Flu,10
17/04/2023,2617798,Cold and Flu,9
20/04/2023,2617798,Cold and Flu,18
23/04/2023,2617798,Cold and Flu,26
13/05/2023,2617798,Cold and Flu,10
16/05/2023,2617798,Cold and Flu,23
19/05/2023,2617798,Cold and Flu,4
22/05/2023,2617798,Cold and Flu,10
14/06/2023,2617798,Cold and Flu,13
17/06/2023,2617798,Cold and Flu,6
20/06/2023,2617798,Cold and Flu,7
13/07/2023,2617798,Cold and Flu,3
16/07/2023,2617798,Cold and Flu,7
19/07/2023,2617798,Cold and Flu,2
22/07/2023,2617798,Cold and Flu,8
11/08/2023,2617798,Cold and Flu,4
14/08/2023,2617798,Cold and Flu,9
17/08/2023,2617798,Cold and Flu,2
20/08/2023,2617798,Cold and Flu,7
12/09/2023,2617798,Cold and Flu,12
15/09/2023,2617798,Cold and Flu,14
18/09/2023,2617798,Cold and Flu,20
21/09/2023,2617798,Cold and Flu,10
11/10/2023,2617798,Cold and Flu,4
17/10/2023,2617798,Cold and Flu,4
20/10/2023,2617798,Cold and Flu,2
12/11/2023,2617798,Cold and Flu,2
15/11/2023,2617798,Cold and Flu,9
18/11/2023,2617798,Cold and Flu,5
11/12/2023,2617798,Cold and Flu,13
14/12/2023,2617798,Cold and Flu,4
17/12/2023,2617798,Cold and Flu,1
20/12/2023,2617798,Cold and Flu,8
2/01/2023,2686282,Hair Care,30
5/01/2023,2686282,Hair Care,10
8/01/2023,2686282,Hair Care,21
11/01/2023,2686282,Hair Care,18
3/02/2023,2686282,Hair Care,7
6/02/2023,2686282,Hair Care,13
9/02/2023,2686282,Hair Care,16
12/02/2023,2686282,Hair Care,19
4/03/2023,2686282,Hair Care,6
7/03/2023,2686282,Hair Care,18
10/03/2023,2686282,Hair Care,13
13/03/2023,2686282,Hair Care,21
5/04/2023,2686282,Hair Care,10
8/04/2023,2686282,Hair Care,9
11/04/2023,2686282,Hair Care,15
4/05/2023,2686282,Hair Care,14
7/05/2023,2686282,Hair Care,6
10/05/2023,2686282,Hair Care,13
13/05/2023,2686282,Hair Care,5
2/06/2023,2686282,Hair Care,14
5/06/2023,2686282,Hair Care,16
8/06/2023,2686282,Hair Care,9
11/06/2023,2686282,Hair Care,4
4/07/2023,2686282,Hair Care,20
7/07/2023,2686282,Hair Care,14
10/07/2023,2686282,Hair Care,29
13/07/2023,2686282,Hair Care,46
2/08/2023,2686282,Hair Care,22
5/08/2023,2686282,Hair Care,10
8/08/2023,2686282,Hair Care,13
11/08/2023,2686282,Hair Care,10
3/09/2023,2686282,Hair Care,8
6/09/2023,2686282,Hair Care,21
9/09/2023,2686282,Hair Care,13
2/10/2023,2686282,Hair Care,8
5/10/2023,2686282,Hair Care,6
8/10/2023,2686282,Hair Care,12
11/10/2023,2686282,Hair Care,15
31/10/2023,2686282,Hair Care,17
3/11/2023,2686282,Hair Care,13
6/11/2023,2686282,Hair Care,22
9/11/2023,2686282,Hair Care,11
2/12/2023,2686282,Hair Care,1
5/12/2023,2686282,Hair Care,7
8/12/2023,2686282,Hair Care,8
31/12/2023,2686282,Hair Care,28
10/01/2023,2696343,Cosmetics,11
13/01/2023,2696343,Cosmetics,8
19/01/2023,2696343,Cosmetics,3
11/02/2023,2696343,Cosmetics,4
14/02/2023,2696343,Cosmetics,10
17/02/2023,2696343,Cosmetics,10
20/02/2023,2696343,Cosmetics,12
12/03/2023,2696343,Cosmetics,11
15/03/2023,2696343,Cosmetics,4
18/03/2023,2696343,Cosmetics,6
21/03/2023,2696343,Cosmetics,9
13/04/2023,2696343,Cosmetics,23
16/04/2023,2696343,Cosmetics,18
19/04/2023,2696343,Cosmetics,19
12/05/2023,2696343,Cosmetics,3
15/05/2023,2696343,Cosmetics,82
18/05/2023,2696343,Cosmetics,90
21/05/2023,2696343,Cosmetics,88
10/06/2023,2696343,Cosmetics,10
13/06/2023,2696343,Cosmetics,8
16/06/2023,2696343,Cosmetics,7
19/06/2023,2696343,Cosmetics,8
12/07/2023,2696343,Cosmetics,5
15/07/2023,2696343,Cosmetics,6
18/07/2023,2696343,Cosmetics,17
10/08/2023,2696343,Cosmetics,66
13/08/2023,2696343,Cosmetics,39
16/08/2023,2696343,Cosmetics,46
19/08/2023,2696343,Cosmetics,20
8/09/2023,2696343,Cosmetics,40
11/09/2023,2696343,Cosmetics,52
14/09/2023,2696343,Cosmetics,68
17/09/2023,2696343,Cosmetics,54
10/10/2023,2696343,Cosmetics,38
13/10/2023,2696343,Cosmetics,25
16/10/2023,2696343,Cosmetics,23
19/10/2023,2696343,Cosmetics,20
8/11/2023,2696343,Cosmetics,10
11/11/2023,2696343,Cosmetics,40
14/11/2023,2696343,Cosmetics,57
17/11/2023,2696343,Cosmetics,47
10/12/2023,2696343,Cosmetics,35
13/12/2023,2696343,Cosmetics,20
16/12/2023,2696343,Cosmetics,7
6/01/2023,2696522,Hayfever,46
9/01/2023,2696522,Hayfever,70
12/01/2023,2696522,Hayfever,57
15/01/2023,2696522,Hayfever,49
4/02/2023,2696522,Hayfever,40
7/02/2023,2696522,Hayfever,42
10/02/2023,2696522,Hayfever,32
13/02/2023,2696522,Hayfever,33
8/03/2023,2696522,Hayfever,44
11/03/2023,2696522,Hayfever,33
14/03/2023,2696522,Hayfever,36
6/04/2023,2696522,Hayfever,30
9/04/2023,2696522,Hayfever,22
12/04/2023,2696522,Hayfever,47
15/04/2023,2696522,Hayfever,29
5/05/2023,2696522,Hayfever,16
8/05/2023,2696522,Hayfever,43
11/05/2023,2696522,Hayfever,28
14/05/2023,2696522,Hayfever,27
6/06/2023,2696522,Hayfever,28
9/06/2023,2696522,Hayfever,17
12/06/2023,2696522,Hayfever,31
15/06/2023,2696522,Hayfever,22
5/07/2023,2696522,Hayfever,26
8/07/2023,2696522,Hayfever,18
11/07/2023,2696522,Hayfever,22
14/07/2023,2696522,Hayfever,25
6/08/2023,2696522,Hayfever,38
9/08/2023,2696522,Hayfever,44
12/08/2023,2696522,Hayfever,31
14/01/2023,2490971,Cold and Flu,22
17/01/2023,2490971,Cold and Flu,9
20/01/2023,2490971,Cold and Flu,10
12/02/2023,2490971,Cold and Flu,15
15/02/2023,2490971,Cold and Flu,17
18/02/2023,2490971,Cold and Flu,10
21/02/2023,2490971,Cold and Flu,11
13/03/2023,2490971,Cold and Flu,24
16/03/2023,2490971,Cold and Flu,15
19/03/2023,2490971,Cold and Flu,15
22/03/2023,2490971,Cold and Flu,23
14/04/2023,2490971,Cold and Flu,22
17/04/2023,2490971,Cold and Flu,29
20/04/2023,2490971,Cold and Flu,21
13/05/2023,2490971,Cold and Flu,27
16/05/2023,2490971,Cold and Flu,40
19/05/2023,2490971,Cold and Flu,30
22/05/2023,2490971,Cold and Flu,44
11/06/2023,2490971,Cold and Flu,20
14/06/2023,2490971,Cold and Flu,30
17/06/2023,2490971,Cold and Flu,30
20/06/2023,2490971,Cold and Flu,41
13/07/2023,2490971,Cold and Flu,29
16/07/2023,2490971,Cold and Flu,26
19/07/2023,2490971,Cold and Flu,34
22/07/2023,2490971,Cold and Flu,17
11/08/2023,2490971,Cold and Flu,19
14/08/2023,2490971,Cold and Flu,28
17/08/2023,2490971,Cold and Flu,21
20/08/2023,2490971,Cold and Flu,12
12/09/2023,2490971,Cold and Flu,20
15/09/2023,2490971,Cold and Flu,15
18/09/2023,2490971,Cold and Flu,16
11/10/2023,2490971,Cold and Flu,12
14/10/2023,2490971,Cold and Flu,10
17/10/2023,2490971,Cold and Flu,17
20/10/2023,2490971,Cold and Flu,21
9/11/2023,2490971,Cold and Flu,18
12/11/2023,2490971,Cold and Flu,15
15/11/2023,2490971,Cold and Flu,22
18/11/2023,2490971,Cold and Flu,14
11/12/2023,2490971,Cold and Flu,18
14/12/2023,2490971,Cold and Flu,7
17/12/2023,2490971,Cold and Flu,11
20/12/2023,2490971,Cold and Flu,17
18/01/2023,2609910,Hayfever,51
21/01/2023,2609910,Hayfever,50
24/01/2023,2609910,Hayfever,54
27/01/2023,2609910,Hayfever,63
16/02/2023,2609910,Hayfever,53
19/02/2023,2609910,Hayfever,59
22/02/2023,2609910,Hayfever,74
25/02/2023,2609910,Hayfever,44
20/03/2023,2609910,Hayfever,47
23/03/2023,2609910,Hayfever,62
26/03/2023,2609910,Hayfever,48
29/03/2023,2609910,Hayfever,42
18/04/2023,2609910,Hayfever,43
21/04/2023,2609910,Hayfever,42
24/04/2023,2609910,Hayfever,49
27/04/2023,2609910,Hayfever,50
20/05/2023,2609910,Hayfever,46
23/05/2023,2609910,Hayfever,49
26/05/2023,2609910,Hayfever,43
18/06/2023,2609910,Hayfever,116
21/06/2023,2609910,Hayfever,53
24/06/2023,2609910,Hayfever,26
27/06/2023,2609910,Hayfever,36
17/07/2023,2609910,Hayfever,52
20/07/2023,2609910,Hayfever,40
23/07/2023,2609910,Hayfever,45
26/07/2023,2609910,Hayfever,42
18/08/2023,2609910,Hayfever,49
21/08/2023,2609910,Hayfever,48
24/08/2023,2609910,Hayfever,44
16/09/2023,2609910,Hayfever,40
19/09/2023,2609910,Hayfever,64
22/09/2023,2609910,Hayfever,48
25/09/2023,2609910,Hayfever,40
15/10/2023,2609910,Hayfever,66
18/10/2023,2609910,Hayfever,76
21/10/2023,2609910,Hayfever,34
24/10/2023,2609910,Hayfever,37
16/11/2023,2609910,Hayfever,9
19/11/2023,2609910,Hayfever,13
22/11/2023,2609910,Hayfever,6
25/11/2023,2609910,Hayfever,13
15/12/2023,2609910,Hayfever,10
18/12/2023,2609910,Hayfever,5
21/12/2023,2609910,Hayfever,4
24/12/2023,2609910,Hayfever,4
18/01/2023,2617798,Cold and Flu,3
27/01/2023,2617798,Cold and Flu,1
16/02/2023,2617798,Cold and Flu,3
19/02/2023,2617798,Cold and Flu,2
22/02/2023,2617798,Cold and Flu,6
25/02/2023,2617798,Cold and Flu,26
20/03/2023,2617798,Cold and Flu,5
23/03/2023,2617798,Cold and Flu,3
18/04/2023,2617798,Cold and Flu,7
21/04/2023,2617798,Cold and Flu,16
24/04/2023,2617798,Cold and Flu,27
27/04/2023,2617798,Cold and Flu,22
17/05/2023,2617798,Cold and Flu,5
20/05/2023,2617798,Cold and Flu,3
23/05/2023,2617798,Cold and Flu,12
26/05/2023,2617798,Cold and Flu,6
18/06/2023,2617798,Cold and Flu,13
21/06/2023,2617798,Cold and Flu,5
24/06/2023,2617798,Cold and Flu,10
17/07/2023,2617798,Cold and Flu,4
20/07/2023,2617798,Cold and Flu,11
23/07/2023,2617798,Cold and Flu,10
26/07/2023,2617798,Cold and Flu,14
15/08/2023,2617798,Cold and Flu,2
18/08/2023,2617798,Cold and Flu,8
21/08/2023,2617798,Cold and Flu,6
24/08/2023,2617798,Cold and Flu,5
16/09/2023,2617798,Cold and Flu,4
19/09/2023,2617798,Cold and Flu,7
22/09/2023,2617798,Cold and Flu,9
25/09/2023,2617798,Cold and Flu,3
15/10/2023,2617798,Cold and Flu,2
18/10/2023,2617798,Cold and Flu,1
24/10/2023,2617798,Cold and Flu,3
16/11/2023,2617798,Cold and Flu,6
15/12/2023,2617798,Cold and Flu,4
18/12/2023,2617798,Cold and Flu,2
24/12/2023,2617798,Cold and Flu,3
6/01/2023,2686282,Hair Care,9
9/01/2023,2686282,Hair Care,24
12/01/2023,2686282,Hair Care,17
15/01/2023,2686282,Hair Care,21
7/02/2023,2686282,Hair Care,18
10/02/2023,2686282,Hair Care,15
13/02/2023,2686282,Hair Care,15
16/02/2023,2686282,Hair Care,15
8/03/2023,2686282,Hair Care,12
11/03/2023,2686282,Hair Care,9
14/03/2023,2686282,Hair Care,18
17/03/2023,2686282,Hair Care,8
9/04/2023,2686282,Hair Care,11
12/04/2023,2686282,Hair Care,21
15/04/2023,2686282,Hair Care,8
8/05/2023,2686282,Hair Care,19
11/05/2023,2686282,Hair Care,11
14/05/2023,2686282,Hair Care,8
17/05/2023,2686282,Hair Care,81
6/06/2023,2686282,Hair Care,18
9/06/2023,2686282,Hair Care,7
12/06/2023,2686282,Hair Care,11
15/06/2023,2686282,Hair Care,6
8/07/2023,2686282,Hair Care,18
11/07/2023,2686282,Hair Care,21
14/07/2023,2686282,Hair Care,27
6/08/2023,2686282,Hair Care,19
9/08/2023,2686282,Hair Care,12
12/08/2023,2686282,Hair Care,10
15/08/2023,2686282,Hair Care,14
4/09/2023,2686282,Hair Care,34
7/09/2023,2686282,Hair Care,30
10/09/2023,2686282,Hair Care,37
13/09/2023,2686282,Hair Care,46
6/10/2023,2686282,Hair Care,18
9/10/2023,2686282,Hair Care,9
12/10/2023,2686282,Hair Care,15
15/10/2023,2686282,Hair Care,14
4/11/2023,2686282,Hair Care,11
7/11/2023,2686282,Hair Care,20
10/11/2023,2686282,Hair Care,4
13/11/2023,2686282,Hair Care,9
6/12/2023,2686282,Hair Care,13
9/12/2023,2686282,Hair Care,16
12/12/2023,2686282,Hair Care,13
6/01/2023,2696343,Cosmetics,4
9/01/2023,2696343,Cosmetics,2
12/01/2023,2696343,Cosmetics,5
15/01/2023,2696343,Cosmetics,9
7/02/2023,2696343,Cosmetics,16
10/02/2023,2696343,Cosmetics,4
13/02/2023,2696343,Cosmetics,6
16/02/2023,2696343,Cosmetics,17
8/03/2023,2696343,Cosmetics,34
11/03/2023,2696343,Cosmetics,10
14/03/2023,2696343,Cosmetics,3
17/03/2023,2696343,Cosmetics,7
9/04/2023,2696343,Cosmetics,8
12/04/2023,2696343,Cosmetics,27
15/04/2023,2696343,Cosmetics,15
8/05/2023,2696343,Cosmetics,4
11/05/2023,2696343,Cosmetics,17
14/05/2023,2696343,Cosmetics,6
17/05/2023,2696343,Cosmetics,72
6/06/2023,2696343,Cosmetics,53
9/06/2023,2696343,Cosmetics,14
12/06/2023,2696343,Cosmetics,14
15/06/2023,2696343,Cosmetics,14
8/07/2023,2696343,Cosmetics,11
11/07/2023,2696343,Cosmetics,7
14/07/2023,2696343,Cosmetics,13
17/07/2023,2696343,Cosmetics,18
6/08/2023,2696343,Cosmetics,71
9/08/2023,2696343,Cosmetics,49
12/08/2023,2696343,Cosmetics,46
15/08/2023,2696343,Cosmetics,47
7/09/2023,2696343,Cosmetics,39
10/09/2023,2696343,Cosmetics,57
13/09/2023,2696343,Cosmetics,59
6/10/2023,2696343,Cosmetics,44
9/10/2023,2696343,Cosmetics,38
12/10/2023,2696343,Cosmetics,22
15/10/2023,2696343,Cosmetics,20
4/11/2023,2696343,Cosmetics,8
7/11/2023,2696343,Cosmetics,8
10/11/2023,2696343,Cosmetics,40
13/11/2023,2696343,Cosmetics,54
6/12/2023,2696343,Cosmetics,33
9/12/2023,2696343,Cosmetics,23
12/12/2023,2696343,Cosmetics,13
10/01/2023,2696522,Hayfever,46
13/01/2023,2696522,Hayfever,30
16/01/2023,2696522,Hayfever,44
19/01/2023,2696522,Hayfever,56
8/02/2023,2696522,Hayfever,50
11/02/2023,2696522,Hayfever,20
14/02/2023,2696522,Hayfever,37
17/02/2023,2696522,Hayfever,29
12/03/2023,2696522,Hayfever,37
15/03/2023,2696522,Hayfever,45
18/03/2023,2696522,Hayfever,22
10/04/2023,2696522,Hayfever,51
13/04/2023,2696522,Hayfever,31
16/04/2023,2696522,Hayfever,38
19/04/2023,2696522,Hayfever,40
9/05/2023,2696522,Hayfever,33
12/05/2023,2696522,Hayfever,30
15/05/2023,2696522,Hayfever,42
18/05/2023,2696522,Hayfever,17
10/06/2023,2696522,Hayfever,13
13/06/2023,2696522,Hayfever,31
16/06/2023,2696522,Hayfever,16
9/07/2023,2696522,Hayfever,36
12/07/2023,2696522,Hayfever,28
15/07/2023,2696522,Hayfever,16
18/07/2023,2696522,Hayfever,27
7/08/2023,2696522,Hayfever,42
10/08/2023,2696522,Hayfever,37
13/08/2023,2696522,Hayfever,36
16/08/2023,2696522,Hayfever,48
8/09/2023,2696522,Hayfever,56
11/09/2023,2696522,Hayfever,40
14/09/2023,2696522,Hayfever,50
17/09/2023,2696522,Hayfever,55
7/10/2023,2696522,Hayfever,43
10/10/2023,2696522,Hayfever,43
13/10/2023,2696522,Hayfever,51
16/10/2023,2696522,Hayfever,43
8/11/2023,2696522,Hayfever,52
11/11/2023,2696522,Hayfever,31
14/11/2023,2696522,Hayfever,40
7/12/2023,2696522,Hayfever,44
10/12/2023,2696522,Hayfever,39
13/12/2023,2696522,Hayfever,28
16/12/2023,2696522,Hayfever,13
4/09/2023,2696522,Hayfever,64
7/09/2023,2696522,Hayfever,56
10/09/2023,2696522,Hayfever,48
13/09/2023,2696522,Hayfever,79
3/10/2023,2696522,Hayfever,40
6/10/2023,2696522,Hayfever,40
9/10/2023,2696522,Hayfever,53
12/10/2023,2696522,Hayfever,45
4/11/2023,2696522,Hayfever,48
7/11/2023,2696522,Hayfever,50
10/11/2023,2696522,Hayfever,44
3/12/2023,2696522,Hayfever,28
6/12/2023,2696522,Hayfever,46
9/12/2023,2696522,Hayfever,39
12/12/2023,2696522,Hayfever,26
